,mean_fit_time,std_fit_time,mean_score_time,std_score_time,param_criterion,param_max_depth,param_min_samples_leaf,param_min_samples_split,param_random_state,params,split0_test_score,split1_test_score,split2_test_score,split3_test_score,split4_test_score,mean_test_score,std_test_score,rank_test_score
53,0.04007267951965332,0.0007328061930845824,0.0029524803161621095,0.0005373053614786648,gini,6,10,10,10,"{'criterion': 'gini', 'max_depth': 6, 'min_samples_leaf': 10, 'min_samples_split': 10, 'random_state': 10}",0.7199539965497412,0.7147786083956297,0.7809085681426107,0.7934407364787112,0.7704257767548907,0.7559015372643167,0.03233826700969192,1
47,0.04027915000915527,0.000990289745861982,0.0028332233428955077,0.00021390824566470463,gini,6,10,2,10,"{'criterion': 'gini', 'max_depth': 6, 'min_samples_leaf': 10, 'min_samples_split': 2, 'random_state': 10}",0.7199539965497412,0.7147786083956297,0.7809085681426107,0.7934407364787112,0.7704257767548907,0.7559015372643167,0.03233826700969192,1
48,0.040787363052368165,0.0007456849337303166,0.003227853775024414,0.000274832350768429,gini,6,10,6,2,"{'criterion': 'gini', 'max_depth': 6, 'min_samples_leaf': 10, 'min_samples_split': 6, 'random_state': 2}",0.7199539965497412,0.7147786083956297,0.7809085681426107,0.7934407364787112,0.7704257767548907,0.7559015372643167,0.03233826700969192,1
49,0.04088826179504394,0.0006062446458612035,0.0029820919036865233,2.8502499889275355e-05,gini,6,10,6,6,"{'criterion': 'gini', 'max_depth': 6, 'min_samples_leaf': 10, 'min_samples_split': 6, 'random_state': 6}",0.7199539965497412,0.7147786083956297,0.7809085681426107,0.7934407364787112,0.7704257767548907,0.7559015372643167,0.03233826700969192,1
50,0.040221357345581056,0.0006499323981262354,0.002785348892211914,0.0003842056510975796,gini,6,10,6,10,"{'criterion': 'gini', 'max_depth': 6, 'min_samples_leaf': 10, 'min_samples_split': 6, 'random_state': 10}",0.7199539965497412,0.7147786083956297,0.7809085681426107,0.7934407364787112,0.7704257767548907,0.7559015372643167,0.03233826700969192,1
51,0.04034876823425293,0.000782039412189958,0.00270538330078125,0.0003971999546980211,gini,6,10,10,2,"{'criterion': 'gini', 'max_depth': 6, 'min_samples_leaf': 10, 'min_samples_split': 10, 'random_state': 2}",0.7199539965497412,0.7147786083956297,0.7809085681426107,0.7934407364787112,0.7704257767548907,0.7559015372643167,0.03233826700969192,1
52,0.03997406959533691,0.0005175641915238506,0.0031149864196777345,0.00017770201518558043,gini,6,10,10,6,"{'criterion': 'gini', 'max_depth': 6, 'min_samples_leaf': 10, 'min_samples_split': 10, 'random_state': 6}",0.7199539965497412,0.7147786083956297,0.7809085681426107,0.7934407364787112,0.7704257767548907,0.7559015372643167,0.03233826700969192,1
46,0.04051527976989746,0.00048070565274580294,0.003023672103881836,0.0006240297658733067,gini,6,10,2,6,"{'criterion': 'gini', 'max_depth': 6, 'min_samples_leaf': 10, 'min_samples_split': 2, 'random_state': 6}",0.7199539965497412,0.7147786083956297,0.7809085681426107,0.7934407364787112,0.7704257767548907,0.7559015372643167,0.03233826700969192,1
45,0.041300296783447266,0.0008770761402965557,0.002306222915649414,0.0003596917363173589,gini,6,10,2,2,"{'criterion': 'gini', 'max_depth': 6, 'min_samples_leaf': 10, 'min_samples_split': 2, 'random_state': 2}",0.7199539965497412,0.7147786083956297,0.7809085681426107,0.7934407364787112,0.7704257767548907,0.7559015372643167,0.03233826700969192,1
126,0.04697375297546387,0.0013337490883766506,0.003342437744140625,0.00028300481777907374,entropy,6,10,2,2,"{'criterion': 'entropy', 'max_depth': 6, 'min_samples_leaf': 10, 'min_samples_split': 2, 'random_state': 2}",0.7176538240368028,0.7136285221391604,0.7745830937320299,0.7859608745684695,0.7767548906789413,0.7537162410310807,0.03134786894392437,10
134,0.04838442802429199,0.0009172917540184745,0.002970457077026367,0.0005930636923463142,entropy,6,10,10,10,"{'criterion': 'entropy', 'max_depth': 6, 'min_samples_leaf': 10, 'min_samples_split': 10, 'random_state': 10}",0.7176538240368028,0.7136285221391604,0.7745830937320299,0.7859608745684695,0.7767548906789413,0.7537162410310807,0.03134786894392437,10
207,0.04813566207885742,0.001505780615464436,0.0031485557556152344,0.0007017062616603609,log_loss,6,10,2,2,"{'criterion': 'log_loss', 'max_depth': 6, 'min_samples_leaf': 10, 'min_samples_split': 2, 'random_state': 2}",0.7176538240368028,0.7136285221391604,0.7745830937320299,0.7859608745684695,0.7767548906789413,0.7537162410310807,0.03134786894392437,10
209,0.04703288078308106,0.0013639674937016733,0.002696657180786133,0.0006022108903280953,log_loss,6,10,2,10,"{'criterion': 'log_loss', 'max_depth': 6, 'min_samples_leaf': 10, 'min_samples_split': 2, 'random_state': 10}",0.7176538240368028,0.7136285221391604,0.7745830937320299,0.7859608745684695,0.7767548906789413,0.7537162410310807,0.03134786894392437,10
210,0.047316360473632815,0.0006715674285822974,0.0029816627502441406,0.00031235254354086765,log_loss,6,10,6,2,"{'criterion': 'log_loss', 'max_depth': 6, 'min_samples_leaf': 10, 'min_samples_split': 6, 'random_state': 2}",0.7176538240368028,0.7136285221391604,0.7745830937320299,0.7859608745684695,0.7767548906789413,0.7537162410310807,0.03134786894392437,10
211,0.04860587120056152,0.0012797896475180523,0.002797698974609375,0.0005291823244784269,log_loss,6,10,6,6,"{'criterion': 'log_loss', 'max_depth': 6, 'min_samples_leaf': 10, 'min_samples_split': 6, 'random_state': 6}",0.7176538240368028,0.7136285221391604,0.7745830937320299,0.7859608745684695,0.7767548906789413,0.7537162410310807,0.03134786894392437,10
213,0.04776620864868164,0.0009750885125986819,0.0024236202239990234,0.0003888564369767603,log_loss,6,10,10,2,"{'criterion': 'log_loss', 'max_depth': 6, 'min_samples_leaf': 10, 'min_samples_split': 10, 'random_state': 2}",0.7176538240368028,0.7136285221391604,0.7745830937320299,0.7859608745684695,0.7767548906789413,0.7537162410310807,0.03134786894392437,10
214,0.047579288482666016,0.000807018441525735,0.00290532112121582,0.00015420204469488008,log_loss,6,10,10,6,"{'criterion': 'log_loss', 'max_depth': 6, 'min_samples_leaf': 10, 'min_samples_split': 10, 'random_state': 6}",0.7176538240368028,0.7136285221391604,0.7745830937320299,0.7859608745684695,0.7767548906789413,0.7537162410310807,0.03134786894392437,10
208,0.047794437408447264,0.0004074194066262432,0.0031107425689697265,0.0006736295360085932,log_loss,6,10,2,6,"{'criterion': 'log_loss', 'max_depth': 6, 'min_samples_leaf': 10, 'min_samples_split': 2, 'random_state': 6}",0.7176538240368028,0.7136285221391604,0.7745830937320299,0.7859608745684695,0.7767548906789413,0.7537162410310807,0.03134786894392437,10
133,0.04761581420898438,0.0012033605162802606,0.0031737804412841795,0.000293720015999822,entropy,6,10,10,6,"{'criterion': 'entropy', 'max_depth': 6, 'min_samples_leaf': 10, 'min_samples_split': 10, 'random_state': 6}",0.7176538240368028,0.7136285221391604,0.7745830937320299,0.7859608745684695,0.7767548906789413,0.7537162410310807,0.03134786894392437,10
215,0.048283863067626956,0.001154105981256134,0.0028008460998535157,0.0004172376250907579,log_loss,6,10,10,10,"{'criterion': 'log_loss', 'max_depth': 6, 'min_samples_leaf': 10, 'min_samples_split': 10, 'random_state': 10}",0.7176538240368028,0.7136285221391604,0.7745830937320299,0.7859608745684695,0.7767548906789413,0.7537162410310807,0.03134786894392437,10
127,0.04811606407165527,0.0006550788046369889,0.0029788970947265624,0.00014158021947415623,entropy,6,10,2,6,"{'criterion': 'entropy', 'max_depth': 6, 'min_samples_leaf': 10, 'min_samples_split': 2, 'random_state': 6}",0.7176538240368028,0.7136285221391604,0.7745830937320299,0.7859608745684695,0.7767548906789413,0.7537162410310807,0.03134786894392437,10
128,0.04779872894287109,0.0012374804636336046,0.002603626251220703,0.0004927280113120896,entropy,6,10,2,10,"{'criterion': 'entropy', 'max_depth': 6, 'min_samples_leaf': 10, 'min_samples_split': 2, 'random_state': 10}",0.7176538240368028,0.7136285221391604,0.7745830937320299,0.7859608745684695,0.7767548906789413,0.7537162410310807,0.03134786894392437,10
129,0.04829473495483398,0.0008528329874282948,0.0029270172119140623,0.00032377356808536983,entropy,6,10,6,2,"{'criterion': 'entropy', 'max_depth': 6, 'min_samples_leaf': 10, 'min_samples_split': 6, 'random_state': 2}",0.7176538240368028,0.7136285221391604,0.7745830937320299,0.7859608745684695,0.7767548906789413,0.7537162410310807,0.03134786894392437,10
212,0.04768638610839844,0.0012302336156671421,0.0027274608612060545,0.0003933202911794997,log_loss,6,10,6,10,"{'criterion': 'log_loss', 'max_depth': 6, 'min_samples_leaf': 10, 'min_samples_split': 6, 'random_state': 10}",0.7176538240368028,0.7136285221391604,0.7745830937320299,0.7859608745684695,0.7767548906789413,0.7537162410310807,0.03134786894392437,10
131,0.048361682891845705,0.0012259394553748445,0.0030231475830078125,4.6180638679210527e-05,entropy,6,10,6,10,"{'criterion': 'entropy', 'max_depth': 6, 'min_samples_leaf': 10, 'min_samples_split': 6, 'random_state': 10}",0.7176538240368028,0.7136285221391604,0.7745830937320299,0.7859608745684695,0.7767548906789413,0.7537162410310807,0.03134786894392437,10
132,0.04767241477966309,0.0013455647123362126,0.002734804153442383,0.00039394800411628975,entropy,6,10,10,2,"{'criterion': 'entropy', 'max_depth': 6, 'min_samples_leaf': 10, 'min_samples_split': 10, 'random_state': 2}",0.7176538240368028,0.7136285221391604,0.7745830937320299,0.7859608745684695,0.7767548906789413,0.7537162410310807,0.03134786894392437,10
130,0.04823393821716308,0.0013207188562014546,0.003167390823364258,0.0005034833888857658,entropy,6,10,6,6,"{'criterion': 'entropy', 'max_depth': 6, 'min_samples_leaf': 10, 'min_samples_split': 6, 'random_state': 6}",0.7176538240368028,0.7136285221391604,0.7745830937320299,0.7859608745684695,0.7767548906789413,0.7537162410310807,0.03134786894392437,10
125,0.048754215240478516,0.0009127193468408954,0.002996969223022461,6.984321608401993e-06,entropy,6,6,10,10,"{'criterion': 'entropy', 'max_depth': 6, 'min_samples_leaf': 6, 'min_samples_split': 10, 'random_state': 10}",0.715928694652099,0.7136285221391604,0.7745830937320299,0.7899884925201381,0.7640966628308401,0.7516450931748535,0.031216439664250663,28
117,0.04992213249206543,0.0009272255985691823,0.003148794174194336,0.00022384835857054203,entropy,6,6,2,2,"{'criterion': 'entropy', 'max_depth': 6, 'min_samples_leaf': 6, 'min_samples_split': 2, 'random_state': 2}",0.715928694652099,0.7136285221391604,0.7745830937320299,0.7899884925201381,0.7640966628308401,0.7516450931748535,0.031216439664250663,28
119,0.04776124954223633,0.0006806551781430974,0.0031399250030517576,0.0005476984146502361,entropy,6,6,2,10,"{'criterion': 'entropy', 'max_depth': 6, 'min_samples_leaf': 6, 'min_samples_split': 2, 'random_state': 10}",0.715928694652099,0.7136285221391604,0.7745830937320299,0.7899884925201381,0.7640966628308401,0.7516450931748535,0.031216439664250663,28
120,0.04854836463928223,0.0006108927674219022,0.0029923439025878905,1.727993650274995e-05,entropy,6,6,6,2,"{'criterion': 'entropy', 'max_depth': 6, 'min_samples_leaf': 6, 'min_samples_split': 6, 'random_state': 2}",0.715928694652099,0.7136285221391604,0.7745830937320299,0.7899884925201381,0.7640966628308401,0.7516450931748535,0.031216439664250663,28
198,0.0480438232421875,0.0008862034761990327,0.0026153087615966796,0.0005079546094328153,log_loss,6,6,2,2,"{'criterion': 'log_loss', 'max_depth': 6, 'min_samples_leaf': 6, 'min_samples_split': 2, 'random_state': 2}",0.715928694652099,0.7136285221391604,0.7745830937320299,0.7899884925201381,0.7640966628308401,0.7516450931748535,0.031216439664250663,28
122,0.04831881523132324,0.001014901403868396,0.002965211868286133,0.0003203266606398135,entropy,6,6,6,10,"{'criterion': 'entropy', 'max_depth': 6, 'min_samples_leaf': 6, 'min_samples_split': 6, 'random_state': 10}",0.715928694652099,0.7136285221391604,0.7745830937320299,0.7899884925201381,0.7640966628308401,0.7516450931748535,0.031216439664250663,28
200,0.04779233932495117,0.000617815469436157,0.0029211997985839843,0.00020179597551181217,log_loss,6,6,2,10,"{'criterion': 'log_loss', 'max_depth': 6, 'min_samples_leaf': 6, 'min_samples_split': 2, 'random_state': 10}",0.715928694652099,0.7136285221391604,0.7745830937320299,0.7899884925201381,0.7640966628308401,0.7516450931748535,0.031216439664250663,28
123,0.04764952659606934,0.000747594089385787,0.002635478973388672,0.00036839498857972944,entropy,6,6,10,2,"{'criterion': 'entropy', 'max_depth': 6, 'min_samples_leaf': 6, 'min_samples_split': 10, 'random_state': 2}",0.715928694652099,0.7136285221391604,0.7745830937320299,0.7899884925201381,0.7640966628308401,0.7516450931748535,0.031216439664250663,28
204,0.04740762710571289,0.0003774649088518675,0.003007841110229492,8.777431069919305e-06,log_loss,6,6,10,2,"{'criterion': 'log_loss', 'max_depth': 6, 'min_samples_leaf': 6, 'min_samples_split': 10, 'random_state': 2}",0.715928694652099,0.7136285221391604,0.7745830937320299,0.7899884925201381,0.7640966628308401,0.7516450931748535,0.031216439664250663,28
206,0.047572994232177736,0.00035226658030634893,0.0029050827026367186,0.000499624399553461,log_loss,6,6,10,10,"{'criterion': 'log_loss', 'max_depth': 6, 'min_samples_leaf': 6, 'min_samples_split': 10, 'random_state': 10}",0.715928694652099,0.7136285221391604,0.7745830937320299,0.7899884925201381,0.7640966628308401,0.7516450931748535,0.031216439664250663,28
201,0.048056507110595705,0.0005682498364098733,0.003102684020996094,0.0004652273310974024,log_loss,6,6,6,2,"{'criterion': 'log_loss', 'max_depth': 6, 'min_samples_leaf': 6, 'min_samples_split': 6, 'random_state': 2}",0.715928694652099,0.7136285221391604,0.7745830937320299,0.7899884925201381,0.7640966628308401,0.7516450931748535,0.031216439664250663,28
203,0.04785346984863281,0.0012169213966908064,0.0024006843566894533,0.0004902349674617965,log_loss,6,6,6,10,"{'criterion': 'log_loss', 'max_depth': 6, 'min_samples_leaf': 6, 'min_samples_split': 6, 'random_state': 10}",0.715928694652099,0.7136285221391604,0.7745830937320299,0.7899884925201381,0.7640966628308401,0.7516450931748535,0.031216439664250663,28
124,0.049437761306762695,0.0010906951704759843,0.003040122985839844,0.0001043386169561934,entropy,6,6,10,6,"{'criterion': 'entropy', 'max_depth': 6, 'min_samples_leaf': 6, 'min_samples_split': 10, 'random_state': 6}",0.7130534790109259,0.7136285221391604,0.7745830937320299,0.786536248561565,0.7640966628308401,0.7503796012549042,0.031064935824078686,40
118,0.047789812088012695,0.0008641593799894122,0.003032875061035156,7.018135882934583e-05,entropy,6,6,2,6,"{'criterion': 'entropy', 'max_depth': 6, 'min_samples_leaf': 6, 'min_samples_split': 2, 'random_state': 6}",0.7130534790109259,0.7136285221391604,0.7745830937320299,0.786536248561565,0.7640966628308401,0.7503796012549042,0.031064935824078686,40
121,0.049186182022094724,0.0012370608681218785,0.0030088901519775392,0.0005641342790119072,entropy,6,6,6,6,"{'criterion': 'entropy', 'max_depth': 6, 'min_samples_leaf': 6, 'min_samples_split': 6, 'random_state': 6}",0.7130534790109259,0.7136285221391604,0.7745830937320299,0.786536248561565,0.7640966628308401,0.7503796012549042,0.031064935824078686,40
205,0.048293352127075195,0.0006415161453030516,0.0030187129974365234,2.452380504668628e-05,log_loss,6,6,10,6,"{'criterion': 'log_loss', 'max_depth': 6, 'min_samples_leaf': 6, 'min_samples_split': 10, 'random_state': 6}",0.7130534790109259,0.7136285221391604,0.7745830937320299,0.786536248561565,0.7640966628308401,0.7503796012549042,0.031064935824078686,40
202,0.048012733459472656,0.0006442846982677458,0.002803659439086914,0.00017218632699326112,log_loss,6,6,6,6,"{'criterion': 'log_loss', 'max_depth': 6, 'min_samples_leaf': 6, 'min_samples_split': 6, 'random_state': 6}",0.7130534790109259,0.7136285221391604,0.7745830937320299,0.786536248561565,0.7640966628308401,0.7503796012549042,0.031064935824078686,40
199,0.04816536903381348,0.0007376092168036134,0.003215503692626953,0.0004563267676484657,log_loss,6,6,2,6,"{'criterion': 'log_loss', 'max_depth': 6, 'min_samples_leaf': 6, 'min_samples_split': 2, 'random_state': 6}",0.7130534790109259,0.7136285221391604,0.7745830937320299,0.786536248561565,0.7640966628308401,0.7503796012549042,0.031064935824078686,40
231,0.07035293579101562,0.0013614075199599217,0.0029109954833984376,0.00020358794632403335,log_loss,10,6,10,2,"{'criterion': 'log_loss', 'max_depth': 10, 'min_samples_leaf': 6, 'min_samples_split': 10, 'random_state': 2}",0.7084531339850488,0.7061529614721104,0.7740080506037953,0.7997698504027618,0.742807825086306,0.7462383643100045,0.036559833782188224,46
228,0.06938090324401855,0.0012843052616753464,0.0028008937835693358,0.0004001620556763773,log_loss,10,6,6,2,"{'criterion': 'log_loss', 'max_depth': 10, 'min_samples_leaf': 6, 'min_samples_split': 6, 'random_state': 2}",0.7084531339850488,0.7061529614721104,0.7740080506037953,0.7997698504027618,0.742807825086306,0.7462383643100045,0.036559833782188224,46
144,0.07000570297241211,0.0012113469131969795,0.0029004096984863283,0.0003921675713303898,entropy,10,6,2,2,"{'criterion': 'entropy', 'max_depth': 10, 'min_samples_leaf': 6, 'min_samples_split': 2, 'random_state': 2}",0.7084531339850488,0.7061529614721104,0.7740080506037953,0.7997698504027618,0.742807825086306,0.7462383643100045,0.036559833782188224,46
147,0.07010030746459961,0.0010029409590224894,0.002847146987915039,0.00023932524899699653,entropy,10,6,6,2,"{'criterion': 'entropy', 'max_depth': 10, 'min_samples_leaf': 6, 'min_samples_split': 6, 'random_state': 2}",0.7084531339850488,0.7061529614721104,0.7740080506037953,0.7997698504027618,0.742807825086306,0.7462383643100045,0.036559833782188224,46
150,0.06958990097045899,0.0005165132012895507,0.0032152175903320313,0.0005086997629799781,entropy,10,6,10,2,"{'criterion': 'entropy', 'max_depth': 10, 'min_samples_leaf': 6, 'min_samples_split': 10, 'random_state': 2}",0.7084531339850488,0.7061529614721104,0.7740080506037953,0.7997698504027618,0.742807825086306,0.7462383643100045,0.036559833782188224,46
225,0.06966485977172851,0.0015956142884726826,0.0028008937835693358,0.00040040063023241663,log_loss,10,6,2,2,"{'criterion': 'log_loss', 'max_depth': 10, 'min_samples_leaf': 6, 'min_samples_split': 2, 'random_state': 2}",0.7084531339850488,0.7061529614721104,0.7740080506037953,0.7997698504027618,0.742807825086306,0.7462383643100045,0.036559833782188224,46
113,0.04916658401489258,0.0015546342322729782,0.003128385543823242,0.0006851857881950782,entropy,6,2,6,10,"{'criterion': 'entropy', 'max_depth': 6, 'min_samples_leaf': 2, 'min_samples_split': 6, 'random_state': 10}",0.718803910293272,0.7130534790109259,0.7711328349626222,0.7905638665132336,0.7353279631760644,0.7457764107912237,0.030187217631930385,52
191,0.04878706932067871,0.0014712066296213525,0.0031832218170166015,0.0004629664642281083,log_loss,6,2,2,10,"{'criterion': 'log_loss', 'max_depth': 6, 'min_samples_leaf': 2, 'min_samples_split': 2, 'random_state': 10}",0.718803910293272,0.7130534790109259,0.7711328349626222,0.7905638665132336,0.7353279631760644,0.7457764107912237,0.030187217631930385,52
116,0.049348068237304685,0.001078807723766119,0.0029170989990234377,0.0006508099756356236,entropy,6,2,10,10,"{'criterion': 'entropy', 'max_depth': 6, 'min_samples_leaf': 2, 'min_samples_split': 10, 'random_state': 10}",0.718803910293272,0.7130534790109259,0.7711328349626222,0.7905638665132336,0.7353279631760644,0.7457764107912237,0.030187217631930385,52
194,0.04930214881896973,0.0005467412111210795,0.0025113582611083984,0.00042715392544828706,log_loss,6,2,6,10,"{'criterion': 'log_loss', 'max_depth': 6, 'min_samples_leaf': 2, 'min_samples_split': 6, 'random_state': 10}",0.718803910293272,0.7130534790109259,0.7711328349626222,0.7905638665132336,0.7353279631760644,0.7457764107912237,0.030187217631930385,52
110,0.04927778244018555,0.0017265644551905357,0.002564811706542969,0.00047981023427709095,entropy,6,2,2,10,"{'criterion': 'entropy', 'max_depth': 6, 'min_samples_leaf': 2, 'min_samples_split': 2, 'random_state': 10}",0.718803910293272,0.7130534790109259,0.7711328349626222,0.7905638665132336,0.7353279631760644,0.7457764107912237,0.030187217631930385,52
197,0.04767427444458008,0.000661828943572495,0.0029937744140625,0.000582295673501181,log_loss,6,2,10,10,"{'criterion': 'log_loss', 'max_depth': 6, 'min_samples_leaf': 2, 'min_samples_split': 10, 'random_state': 10}",0.718803910293272,0.7130534790109259,0.7711328349626222,0.7905638665132336,0.7353279631760644,0.7457764107912237,0.030187217631930385,52
146,0.06849541664123535,0.0016322722634801584,0.003316783905029297,0.0007423812402960664,entropy,10,6,2,10,"{'criterion': 'entropy', 'max_depth': 10, 'min_samples_leaf': 6, 'min_samples_split': 2, 'random_state': 10}",0.7050028752156412,0.706728004600345,0.7740080506037953,0.7986191024165707,0.742807825086306,0.7454331715845316,0.03683709600232307,58
149,0.06860542297363281,0.0010646683025913248,0.0029937744140625,8.700677646141687e-06,entropy,10,6,6,10,"{'criterion': 'entropy', 'max_depth': 10, 'min_samples_leaf': 6, 'min_samples_split': 6, 'random_state': 10}",0.7050028752156412,0.706728004600345,0.7740080506037953,0.7986191024165707,0.742807825086306,0.7454331715845316,0.03683709600232307,58
233,0.06870222091674805,0.0012498770417648422,0.0030066967010498047,0.00025309899192535603,log_loss,10,6,10,10,"{'criterion': 'log_loss', 'max_depth': 10, 'min_samples_leaf': 6, 'min_samples_split': 10, 'random_state': 10}",0.7050028752156412,0.706728004600345,0.7740080506037953,0.7986191024165707,0.742807825086306,0.7454331715845316,0.03683709600232307,58
227,0.06931838989257813,0.0010239758125701204,0.0030776500701904298,0.00017058282685481944,log_loss,10,6,2,10,"{'criterion': 'log_loss', 'max_depth': 10, 'min_samples_leaf': 6, 'min_samples_split': 2, 'random_state': 10}",0.7050028752156412,0.706728004600345,0.7740080506037953,0.7986191024165707,0.742807825086306,0.7454331715845316,0.03683709600232307,58
230,0.07115397453308106,0.001207466110649732,0.0030601024627685547,0.0005546124329247581,log_loss,10,6,6,10,"{'criterion': 'log_loss', 'max_depth': 10, 'min_samples_leaf': 6, 'min_samples_split': 6, 'random_state': 10}",0.7050028752156412,0.706728004600345,0.7740080506037953,0.7986191024165707,0.742807825086306,0.7454331715845316,0.03683709600232307,58
152,0.07202954292297363,0.0019898923003089496,0.0029678821563720705,0.0005377921042933576,entropy,10,6,10,10,"{'criterion': 'entropy', 'max_depth': 10, 'min_samples_leaf': 6, 'min_samples_split': 10, 'random_state': 10}",0.7050028752156412,0.706728004600345,0.7740080506037953,0.7986191024165707,0.742807825086306,0.7454331715845316,0.03683709600232307,58
192,0.04874043464660645,0.0012109788557993365,0.002585697174072266,0.00018299065656069652,log_loss,6,2,6,2,"{'criterion': 'log_loss', 'max_depth': 6, 'min_samples_leaf': 2, 'min_samples_split': 6, 'random_state': 2}",0.7165037377803335,0.7130534790109259,0.7717078780908568,0.7905638665132336,0.7353279631760644,0.7454313849142828,0.030707040492862228,64
108,0.05294032096862793,0.002283148574748826,0.003629732131958008,0.0004114057876300503,entropy,6,2,2,2,"{'criterion': 'entropy', 'max_depth': 6, 'min_samples_leaf': 2, 'min_samples_split': 2, 'random_state': 2}",0.7165037377803335,0.7130534790109259,0.7717078780908568,0.7905638665132336,0.7353279631760644,0.7454313849142828,0.030707040492862228,64
114,0.052868890762329104,0.0013033382412768629,0.004240560531616211,0.0019755686843162625,entropy,6,2,10,2,"{'criterion': 'entropy', 'max_depth': 6, 'min_samples_leaf': 2, 'min_samples_split': 10, 'random_state': 2}",0.7165037377803335,0.7130534790109259,0.7717078780908568,0.7905638665132336,0.7353279631760644,0.7454313849142828,0.030707040492862228,64
195,0.04802074432373047,0.0008417043911308191,0.002779054641723633,0.000527413528521607,log_loss,6,2,10,2,"{'criterion': 'log_loss', 'max_depth': 6, 'min_samples_leaf': 2, 'min_samples_split': 10, 'random_state': 2}",0.7165037377803335,0.7130534790109259,0.7717078780908568,0.7905638665132336,0.7353279631760644,0.7454313849142828,0.030707040492862228,64
111,0.04832854270935059,0.0008728322756876417,0.002989530563354492,0.000519697050758785,entropy,6,2,6,2,"{'criterion': 'entropy', 'max_depth': 6, 'min_samples_leaf': 2, 'min_samples_split': 6, 'random_state': 2}",0.7165037377803335,0.7130534790109259,0.7717078780908568,0.7905638665132336,0.7353279631760644,0.7454313849142828,0.030707040492862228,64
189,0.04839887619018555,0.0015480709287722192,0.003074932098388672,0.00025217421194121943,log_loss,6,2,2,2,"{'criterion': 'log_loss', 'max_depth': 6, 'min_samples_leaf': 2, 'min_samples_split': 2, 'random_state': 2}",0.7165037377803335,0.7130534790109259,0.7717078780908568,0.7905638665132336,0.7353279631760644,0.7454313849142828,0.030707040492862228,64
151,0.07183990478515626,0.0024570770429085897,0.003985261917114258,0.0016182364447037446,entropy,10,6,10,6,"{'criterion': 'entropy', 'max_depth': 10, 'min_samples_leaf': 6, 'min_samples_split': 10, 'random_state': 6}",0.7078780908568143,0.7055779183438758,0.772857964347326,0.8009205983889528,0.7376294591484465,0.7449728062170831,0.03712044541011804,70
148,0.06821675300598144,0.0012156145515695932,0.0032331466674804686,0.00039339965463228757,entropy,10,6,6,6,"{'criterion': 'entropy', 'max_depth': 10, 'min_samples_leaf': 6, 'min_samples_split': 6, 'random_state': 6}",0.7078780908568143,0.7055779183438758,0.772857964347326,0.8009205983889528,0.7376294591484465,0.7449728062170831,0.03712044541011804,70
229,0.06978507041931152,0.001115426786011445,0.0030007362365722656,0.0007441464378332571,log_loss,10,6,6,6,"{'criterion': 'log_loss', 'max_depth': 10, 'min_samples_leaf': 6, 'min_samples_split': 6, 'random_state': 6}",0.7078780908568143,0.7055779183438758,0.772857964347326,0.8009205983889528,0.7376294591484465,0.7449728062170831,0.03712044541011804,70
226,0.06910543441772461,0.0004186820436472151,0.003106832504272461,0.0002194215288911181,log_loss,10,6,2,6,"{'criterion': 'log_loss', 'max_depth': 10, 'min_samples_leaf': 6, 'min_samples_split': 2, 'random_state': 6}",0.7078780908568143,0.7055779183438758,0.772857964347326,0.8009205983889528,0.7376294591484465,0.7449728062170831,0.03712044541011804,70
232,0.0692488670349121,0.0008247308880786669,0.003113412857055664,0.00047820226292428705,log_loss,10,6,10,6,"{'criterion': 'log_loss', 'max_depth': 10, 'min_samples_leaf': 6, 'min_samples_split': 10, 'random_state': 6}",0.7078780908568143,0.7055779183438758,0.772857964347326,0.8009205983889528,0.7376294591484465,0.7449728062170831,0.03712044541011804,70
145,0.07010865211486816,0.0005984622635404323,0.0031746387481689452,0.00042412545267511085,entropy,10,6,2,6,"{'criterion': 'entropy', 'max_depth': 10, 'min_samples_leaf': 6, 'min_samples_split': 2, 'random_state': 6}",0.7078780908568143,0.7055779183438758,0.772857964347326,0.8009205983889528,0.7376294591484465,0.7449728062170831,0.03712044541011804,70
115,0.06053662300109863,0.006024886564334956,0.004080438613891601,0.0010513516981599173,entropy,6,2,10,6,"{'criterion': 'entropy', 'max_depth': 6, 'min_samples_leaf': 2, 'min_samples_split': 10, 'random_state': 6}",0.7165037377803335,0.7130534790109259,0.7717078780908568,0.7871116225546605,0.7353279631760644,0.7447409361225683,0.02970700050816381,76
112,0.048919296264648436,0.0008739577349575048,0.0029662132263183595,0.00039613501694026694,entropy,6,2,6,6,"{'criterion': 'entropy', 'max_depth': 6, 'min_samples_leaf': 2, 'min_samples_split': 6, 'random_state': 6}",0.7165037377803335,0.7130534790109259,0.7717078780908568,0.7871116225546605,0.7353279631760644,0.7447409361225683,0.02970700050816381,76
190,0.049247455596923825,0.0006467313284057218,0.0031118392944335938,0.00025459291051167825,log_loss,6,2,2,6,"{'criterion': 'log_loss', 'max_depth': 6, 'min_samples_leaf': 2, 'min_samples_split': 2, 'random_state': 6}",0.7165037377803335,0.7130534790109259,0.7717078780908568,0.7871116225546605,0.7353279631760644,0.7447409361225683,0.02970700050816381,76
193,0.04846620559692383,0.0018994445463346233,0.002933835983276367,0.00013370709479040472,log_loss,6,2,6,6,"{'criterion': 'log_loss', 'max_depth': 6, 'min_samples_leaf': 2, 'min_samples_split': 6, 'random_state': 6}",0.7165037377803335,0.7130534790109259,0.7717078780908568,0.7871116225546605,0.7353279631760644,0.7447409361225683,0.02970700050816381,76
196,0.04869532585144043,0.0010715796812221334,0.003272724151611328,0.00035149663561306974,log_loss,6,2,10,6,"{'criterion': 'log_loss', 'max_depth': 6, 'min_samples_leaf': 2, 'min_samples_split': 10, 'random_state': 6}",0.7165037377803335,0.7130534790109259,0.7717078780908568,0.7871116225546605,0.7353279631760644,0.7447409361225683,0.02970700050816381,76
109,0.05134258270263672,0.00101522730264819,0.002912473678588867,0.00018944533260778281,entropy,6,2,2,6,"{'criterion': 'entropy', 'max_depth': 6, 'min_samples_leaf': 2, 'min_samples_split': 2, 'random_state': 6}",0.7165037377803335,0.7130534790109259,0.7717078780908568,0.7871116225546605,0.7353279631760644,0.7447409361225683,0.02970700050816381,76
79,0.05782818794250488,0.001021370466911522,0.002608489990234375,0.0004885652533878333,gini,10,10,10,6,"{'criterion': 'gini', 'max_depth': 10, 'min_samples_leaf': 10, 'min_samples_split': 10, 'random_state': 6}",0.7170787809085681,0.7044278320874066,0.7682576193214491,0.784234752589183,0.7474108170310702,0.7442819603875355,0.03003069125493855,82
76,0.05716176033020019,0.001663324283387298,0.002801513671875,0.0004002342167583629,gini,10,10,6,6,"{'criterion': 'gini', 'max_depth': 10, 'min_samples_leaf': 10, 'min_samples_split': 6, 'random_state': 6}",0.7170787809085681,0.7044278320874066,0.7682576193214491,0.784234752589183,0.7474108170310702,0.7442819603875355,0.03003069125493855,82
73,0.05743875503540039,0.0007958636386425896,0.00337834358215332,0.0003999232819442208,gini,10,10,2,6,"{'criterion': 'gini', 'max_depth': 10, 'min_samples_leaf': 10, 'min_samples_split': 2, 'random_state': 6}",0.7170787809085681,0.7044278320874066,0.7682576193214491,0.784234752589183,0.7474108170310702,0.7442819603875355,0.03003069125493855,82
78,0.05825648307800293,0.0009474315954740181,0.002965831756591797,0.00010039665669144069,gini,10,10,10,2,"{'criterion': 'gini', 'max_depth': 10, 'min_samples_leaf': 10, 'min_samples_split': 10, 'random_state': 2}",0.7193789534215066,0.7050028752156412,0.7682576193214491,0.784234752589183,0.7445339470655926,0.7442816295226745,0.029441900790040526,85
75,0.0576779842376709,0.0007573140296498099,0.0031154632568359377,0.00033538291269027303,gini,10,10,6,2,"{'criterion': 'gini', 'max_depth': 10, 'min_samples_leaf': 10, 'min_samples_split': 6, 'random_state': 2}",0.7193789534215066,0.7050028752156412,0.7682576193214491,0.784234752589183,0.7445339470655926,0.7442816295226745,0.029441900790040526,85
72,0.05734405517578125,0.0011423388728721562,0.002855205535888672,0.00016073915376967472,gini,10,10,2,2,"{'criterion': 'gini', 'max_depth': 10, 'min_samples_leaf': 10, 'min_samples_split': 2, 'random_state': 2}",0.7193789534215066,0.7050028752156412,0.7682576193214491,0.784234752589183,0.7445339470655926,0.7442816295226745,0.029441900790040526,85
77,0.05842089653015137,0.0005009085946299375,0.002780294418334961,0.0002820681672786624,gini,10,10,6,10,"{'criterion': 'gini', 'max_depth': 10, 'min_samples_leaf': 10, 'min_samples_split': 6, 'random_state': 10}",0.7170787809085681,0.7055779183438758,0.7688326624496837,0.784234752589183,0.7439585730724971,0.7439365374727616,0.029787535699147556,88
74,0.057820701599121095,0.0010903226560003217,0.003246164321899414,0.0003531054528801599,gini,10,10,2,10,"{'criterion': 'gini', 'max_depth': 10, 'min_samples_leaf': 10, 'min_samples_split': 2, 'random_state': 10}",0.7170787809085681,0.7055779183438758,0.7688326624496837,0.784234752589183,0.7439585730724971,0.7439365374727616,0.029787535699147556,88
80,0.057335519790649415,0.0011784821039046729,0.002834033966064453,0.00017148315927138636,gini,10,10,10,10,"{'criterion': 'gini', 'max_depth': 10, 'min_samples_leaf': 10, 'min_samples_split': 10, 'random_state': 10}",0.7170787809085681,0.7055779183438758,0.7688326624496837,0.784234752589183,0.7439585730724971,0.7439365374727616,0.029787535699147556,88
240,0.06827688217163086,0.0011239899148993051,0.0032065868377685546,0.00039785215121503585,log_loss,10,10,10,2,"{'criterion': 'log_loss', 'max_depth': 10, 'min_samples_leaf': 10, 'min_samples_split': 10, 'random_state': 2}",0.7078780908568143,0.7061529614721104,0.7406555491661875,0.7934407364787112,0.7635212888377445,0.7423297253623137,0.03334634628104684,91
234,0.06825752258300781,0.0007346530051870803,0.0030796051025390623,0.0007631132911283624,log_loss,10,10,2,2,"{'criterion': 'log_loss', 'max_depth': 10, 'min_samples_leaf': 10, 'min_samples_split': 2, 'random_state': 2}",0.7078780908568143,0.7061529614721104,0.7406555491661875,0.7934407364787112,0.7635212888377445,0.7423297253623137,0.03334634628104684,91
153,0.06932926177978516,0.002382542310750768,0.0033101558685302733,0.00039189932808489397,entropy,10,10,2,2,"{'criterion': 'entropy', 'max_depth': 10, 'min_samples_leaf': 10, 'min_samples_split': 2, 'random_state': 2}",0.7078780908568143,0.7061529614721104,0.7406555491661875,0.7934407364787112,0.7635212888377445,0.7423297253623137,0.03334634628104684,91
237,0.06847901344299316,0.0012119507633872346,0.003060722351074219,0.00010837865601450313,log_loss,10,10,6,2,"{'criterion': 'log_loss', 'max_depth': 10, 'min_samples_leaf': 10, 'min_samples_split': 6, 'random_state': 2}",0.7078780908568143,0.7061529614721104,0.7406555491661875,0.7934407364787112,0.7635212888377445,0.7423297253623137,0.03334634628104684,91
159,0.06876487731933593,0.001628699124196017,0.0029491901397705076,0.00037069016443824114,entropy,10,10,10,2,"{'criterion': 'entropy', 'max_depth': 10, 'min_samples_leaf': 10, 'min_samples_split': 10, 'random_state': 2}",0.7078780908568143,0.7061529614721104,0.7406555491661875,0.7934407364787112,0.7635212888377445,0.7423297253623137,0.03334634628104684,91
156,0.06825075149536133,0.0013013415432425845,0.0026311874389648438,0.0004942597824342006,entropy,10,10,6,2,"{'criterion': 'entropy', 'max_depth': 10, 'min_samples_leaf': 10, 'min_samples_split': 6, 'random_state': 2}",0.7078780908568143,0.7061529614721104,0.7406555491661875,0.7934407364787112,0.7635212888377445,0.7423297253623137,0.03334634628104684,91
154,0.07068409919738769,0.0029338189978361053,0.0030397891998291014,0.00010751080235711789,entropy,10,10,2,6,"{'criterion': 'entropy', 'max_depth': 10, 'min_samples_leaf': 10, 'min_samples_split': 2, 'random_state': 6}",0.7078780908568143,0.7061529614721104,0.7412305922944221,0.7928653624856157,0.7635212888377445,0.7423296591893415,0.03316568841781622,97
160,0.06742658615112304,0.0012962353499649853,0.0030609607696533204,0.0007510338524359224,entropy,10,10,10,6,"{'criterion': 'entropy', 'max_depth': 10, 'min_samples_leaf': 10, 'min_samples_split': 10, 'random_state': 6}",0.7078780908568143,0.7061529614721104,0.7412305922944221,0.7928653624856157,0.7635212888377445,0.7423296591893415,0.03316568841781622,97
157,0.0687687873840332,0.0018399491412435048,0.0030742645263671874,0.00035261605215971745,entropy,10,10,6,6,"{'criterion': 'entropy', 'max_depth': 10, 'min_samples_leaf': 10, 'min_samples_split': 6, 'random_state': 6}",0.7078780908568143,0.7061529614721104,0.7412305922944221,0.7928653624856157,0.7635212888377445,0.7423296591893415,0.03316568841781622,97
238,0.0676790714263916,0.0011812102210908822,0.003208303451538086,0.00039736424573262184,log_loss,10,10,6,6,"{'criterion': 'log_loss', 'max_depth': 10, 'min_samples_leaf': 10, 'min_samples_split': 6, 'random_state': 6}",0.7078780908568143,0.7061529614721104,0.7412305922944221,0.7928653624856157,0.7635212888377445,0.7423296591893415,0.03316568841781622,97
241,0.06813926696777343,0.0009002016661938506,0.002784585952758789,0.0002063977177143756,log_loss,10,10,10,6,"{'criterion': 'log_loss', 'max_depth': 10, 'min_samples_leaf': 10, 'min_samples_split': 10, 'random_state': 6}",0.7078780908568143,0.7061529614721104,0.7412305922944221,0.7928653624856157,0.7635212888377445,0.7423296591893415,0.03316568841781622,97
235,0.06816678047180176,0.00134749237301931,0.003045654296875,0.0006452668815196312,log_loss,10,10,2,6,"{'criterion': 'log_loss', 'max_depth': 10, 'min_samples_leaf': 10, 'min_samples_split': 2, 'random_state': 6}",0.7078780908568143,0.7061529614721104,0.7412305922944221,0.7928653624856157,0.7635212888377445,0.7423296591893415,0.03316568841781622,97
239,0.06847972869873047,0.0007224456915917103,0.003242635726928711,0.0002900274985293763,log_loss,10,10,6,10,"{'criterion': 'log_loss', 'max_depth': 10, 'min_samples_leaf': 10, 'min_samples_split': 6, 'random_state': 10}",0.7078780908568143,0.7050028752156412,0.7412305922944221,0.7928653624856157,0.7635212888377445,0.7420996419380476,0.033418812802235374,103
155,0.06839923858642578,0.0016780770144546114,0.003034830093383789,0.0003532826940204529,entropy,10,10,2,10,"{'criterion': 'entropy', 'max_depth': 10, 'min_samples_leaf': 10, 'min_samples_split': 2, 'random_state': 10}",0.7078780908568143,0.7050028752156412,0.7412305922944221,0.7928653624856157,0.7635212888377445,0.7420996419380476,0.033418812802235374,103
161,0.06817517280578614,0.0011435158600679215,0.0026260852813720704,0.0003690494301299052,entropy,10,10,10,10,"{'criterion': 'entropy', 'max_depth': 10, 'min_samples_leaf': 10, 'min_samples_split': 10, 'random_state': 10}",0.7078780908568143,0.7050028752156412,0.7412305922944221,0.7928653624856157,0.7635212888377445,0.7420996419380476,0.033418812802235374,103
158,0.06749191284179687,0.0017493600937440042,0.002971363067626953,0.00011408635686421586,entropy,10,10,6,10,"{'criterion': 'entropy', 'max_depth': 10, 'min_samples_leaf': 10, 'min_samples_split': 6, 'random_state': 10}",0.7078780908568143,0.7050028752156412,0.7412305922944221,0.7928653624856157,0.7635212888377445,0.7420996419380476,0.033418812802235374,103
236,0.06885733604431152,0.0017887853638018356,0.0032090187072753907,0.00039680231535849564,log_loss,10,10,2,10,"{'criterion': 'log_loss', 'max_depth': 10, 'min_samples_leaf': 10, 'min_samples_split': 2, 'random_state': 10}",0.7078780908568143,0.7050028752156412,0.7412305922944221,0.7928653624856157,0.7635212888377445,0.7420996419380476,0.033418812802235374,103
242,0.06813578605651856,0.0006179792351168909,0.0033154010772705076,0.0004077047603575227,log_loss,10,10,10,10,"{'criterion': 'log_loss', 'max_depth': 10, 'min_samples_leaf': 10, 'min_samples_split': 10, 'random_state': 10}",0.7078780908568143,0.7050028752156412,0.7412305922944221,0.7928653624856157,0.7635212888377445,0.7420996419380476,0.033418812802235374,103
137,0.07249946594238281,0.0019624624797607176,0.002880239486694336,0.0005250142464731964,entropy,10,2,2,10,"{'criterion': 'entropy', 'max_depth': 10, 'min_samples_leaf': 2, 'min_samples_split': 2, 'random_state': 10}",0.7044278320874066,0.6486486486486487,0.7619321449108684,0.7957422324510932,0.7071346375143843,0.7235770991224802,0.050853195903285235,109
218,0.07087945938110352,0.0010588324195002464,0.0027448654174804686,0.000374746817124809,log_loss,10,2,2,10,"{'criterion': 'log_loss', 'max_depth': 10, 'min_samples_leaf': 2, 'min_samples_split': 2, 'random_state': 10}",0.7044278320874066,0.6486486486486487,0.7619321449108684,0.7957422324510932,0.7071346375143843,0.7235770991224802,0.050853195903285235,109
142,0.07165226936340333,0.0011981000378753343,0.002876424789428711,0.00015511723102699498,entropy,10,2,10,6,"{'criterion': 'entropy', 'max_depth': 10, 'min_samples_leaf': 2, 'min_samples_split': 10, 'random_state': 6}",0.7015526164462335,0.648073605520414,0.7642323174238068,0.7911392405063291,0.7123130034522439,0.7234621566698054,0.05006028145986467,111
223,0.0714653491973877,0.0010312007179519023,0.002767801284790039,0.00029540456425924727,log_loss,10,2,10,6,"{'criterion': 'log_loss', 'max_depth': 10, 'min_samples_leaf': 2, 'min_samples_split': 10, 'random_state': 6}",0.7015526164462335,0.648073605520414,0.7642323174238068,0.7911392405063291,0.7123130034522439,0.7234621566698054,0.05006028145986467,111
224,0.0698892593383789,0.001174025088970413,0.0033372879028320313,0.0004905148220322906,log_loss,10,2,10,10,"{'criterion': 'log_loss', 'max_depth': 10, 'min_samples_leaf': 2, 'min_samples_split': 10, 'random_state': 10}",0.7038527889591719,0.6469235192639448,0.7630822311673375,0.7928653624856157,0.7100115074798619,0.7233470818711863,0.05061639922247118,113
143,0.06964855194091797,0.0015187827029469823,0.002706432342529297,0.00040211360054386643,entropy,10,2,10,10,"{'criterion': 'entropy', 'max_depth': 10, 'min_samples_leaf': 2, 'min_samples_split': 10, 'random_state': 10}",0.7038527889591719,0.6469235192639448,0.7630822311673375,0.7928653624856157,0.7100115074798619,0.7233470818711863,0.05061639922247118,113
219,0.06999521255493164,0.0017204280134843284,0.002925205230712891,0.00014715293592218372,log_loss,10,2,6,2,"{'criterion': 'log_loss', 'max_depth': 10, 'min_samples_leaf': 2, 'min_samples_split': 6, 'random_state': 2}",0.7050028752156412,0.6474985623921794,0.7607820586543991,0.7922899884925202,0.7105868814729575,0.7232320732455395,0.04981318352488501,115
138,0.0723480224609375,0.00236119927504308,0.0030661106109619142,0.00044030812179415163,entropy,10,2,6,2,"{'criterion': 'entropy', 'max_depth': 10, 'min_samples_leaf': 2, 'min_samples_split': 6, 'random_state': 2}",0.7050028752156412,0.6474985623921794,0.7607820586543991,0.7922899884925202,0.7105868814729575,0.7232320732455395,0.04981318352488501,115
222,0.06994915008544922,0.0009075332733651278,0.002702808380126953,0.00036805773765813605,log_loss,10,2,10,2,"{'criterion': 'log_loss', 'max_depth': 10, 'min_samples_leaf': 2, 'min_samples_split': 10, 'random_state': 2}",0.7015526164462335,0.6469235192639448,0.7630822311673375,0.7940161104718066,0.7100115074798619,0.7231171969658369,0.05111971566173499,117
141,0.07146077156066895,0.0015360545848873029,0.0029684066772460937,0.0003171498963918671,entropy,10,2,10,2,"{'criterion': 'entropy', 'max_depth': 10, 'min_samples_leaf': 2, 'min_samples_split': 10, 'random_state': 2}",0.7015526164462335,0.6469235192639448,0.7630822311673375,0.7940161104718066,0.7100115074798619,0.7231171969658369,0.05111971566173499,117
139,0.07048282623291016,0.0010968279023635345,0.0031176090240478517,0.00047555750325321947,entropy,10,2,6,6,"{'criterion': 'entropy', 'max_depth': 10, 'min_samples_leaf': 2, 'min_samples_split': 6, 'random_state': 6}",0.7015526164462335,0.6469235192639448,0.7625071880391029,0.7934407364787112,0.7088607594936709,0.7226569639443327,0.05093067091316273,119
220,0.07047066688537598,0.0013814233076924734,0.002918052673339844,9.71190290243036e-05,log_loss,10,2,6,6,"{'criterion': 'log_loss', 'max_depth': 10, 'min_samples_leaf': 2, 'min_samples_split': 6, 'random_state': 6}",0.7015526164462335,0.6469235192639448,0.7625071880391029,0.7934407364787112,0.7088607594936709,0.7226569639443327,0.05093067091316273,119
216,0.07116560935974121,0.0006921914332463976,0.003104877471923828,0.00021552846494164515,log_loss,10,2,2,2,"{'criterion': 'log_loss', 'max_depth': 10, 'min_samples_leaf': 2, 'min_samples_split': 2, 'random_state': 2}",0.7032777458309373,0.6469235192639448,0.7619321449108684,0.7934407364787112,0.7071346375143843,0.7225417567997692,0.050803281953755254,121
135,0.07165603637695313,0.002039780459983728,0.00281982421875,0.00043708459246358136,entropy,10,2,2,2,"{'criterion': 'entropy', 'max_depth': 10, 'min_samples_leaf': 2, 'min_samples_split': 2, 'random_state': 2}",0.7032777458309373,0.6469235192639448,0.7619321449108684,0.7934407364787112,0.7071346375143843,0.7225417567997692,0.050803281953755254,121
217,0.07066206932067871,0.0016509311847690057,0.003051280975341797,0.000475109451283892,log_loss,10,2,2,6,"{'criterion': 'log_loss', 'max_depth': 10, 'min_samples_leaf': 2, 'min_samples_split': 2, 'random_state': 6}",0.7061529614721104,0.648073605520414,0.7619321449108684,0.7945914844649021,0.7002301495972382,0.7221960691931065,0.05109613373979032,123
136,0.07176451683044434,0.0011673310939583985,0.003005218505859375,8.060381754057876e-06,entropy,10,2,2,6,"{'criterion': 'entropy', 'max_depth': 10, 'min_samples_leaf': 2, 'min_samples_split': 2, 'random_state': 6}",0.7061529614721104,0.648073605520414,0.7619321449108684,0.7945914844649021,0.7002301495972382,0.7221960691931065,0.05109613373979032,123
140,0.07162265777587891,0.001602044990239999,0.0027630805969238283,0.00019462471800516808,entropy,10,2,6,10,"{'criterion': 'entropy', 'max_depth': 10, 'min_samples_leaf': 2, 'min_samples_split': 6, 'random_state': 10}",0.7004025301897643,0.648073605520414,0.7602070155261644,0.7940161104718066,0.7019562715765247,0.7209311066569348,0.05093858476651901,125
221,0.07067441940307617,0.0009304088982074751,0.0031252384185791017,0.00046229384374588757,log_loss,10,2,6,10,"{'criterion': 'log_loss', 'max_depth': 10, 'min_samples_leaf': 2, 'min_samples_split': 6, 'random_state': 10}",0.7004025301897643,0.648073605520414,0.7602070155261644,0.7940161104718066,0.7019562715765247,0.7209311066569348,0.05093858476651901,125
41,0.04090476036071777,0.0004041881981117212,0.0028043746948242187,0.000517494797078835,gini,6,6,6,10,"{'criterion': 'gini', 'max_depth': 6, 'min_samples_leaf': 6, 'min_samples_split': 6, 'random_state': 10}",0.5462909718228867,0.7147786083956297,0.7814836112708453,0.7917146144994246,0.7675489067894131,0.7203633425556398,0.09097862192409098,127
42,0.03990540504455566,0.0006614337905708084,0.0029356002807617186,0.0006670893627291744,gini,6,6,10,2,"{'criterion': 'gini', 'max_depth': 6, 'min_samples_leaf': 6, 'min_samples_split': 10, 'random_state': 2}",0.5462909718228867,0.7147786083956297,0.7814836112708453,0.7917146144994246,0.7675489067894131,0.7203633425556398,0.09097862192409098,127
43,0.04033651351928711,0.0009889285676597604,0.002821493148803711,0.000326582681928406,gini,6,6,10,6,"{'criterion': 'gini', 'max_depth': 6, 'min_samples_leaf': 6, 'min_samples_split': 10, 'random_state': 6}",0.5462909718228867,0.7147786083956297,0.7814836112708453,0.7917146144994246,0.7675489067894131,0.7203633425556398,0.09097862192409098,127
44,0.04046821594238281,0.0007285593988321271,0.0025934219360351563,0.00047750199223627266,gini,6,6,10,10,"{'criterion': 'gini', 'max_depth': 6, 'min_samples_leaf': 6, 'min_samples_split': 10, 'random_state': 10}",0.5462909718228867,0.7147786083956297,0.7814836112708453,0.7917146144994246,0.7675489067894131,0.7203633425556398,0.09097862192409098,127
36,0.04126262664794922,0.0011467033081223616,0.002993488311767578,0.0006328998832810397,gini,6,6,2,2,"{'criterion': 'gini', 'max_depth': 6, 'min_samples_leaf': 6, 'min_samples_split': 2, 'random_state': 2}",0.5462909718228867,0.7147786083956297,0.7814836112708453,0.7917146144994246,0.7675489067894131,0.7203633425556398,0.09097862192409098,127
37,0.040819406509399414,0.0010421007124973797,0.0028255939483642577,0.0007041488817742281,gini,6,6,2,6,"{'criterion': 'gini', 'max_depth': 6, 'min_samples_leaf': 6, 'min_samples_split': 2, 'random_state': 6}",0.5462909718228867,0.7147786083956297,0.7814836112708453,0.7917146144994246,0.7675489067894131,0.7203633425556398,0.09097862192409098,127
39,0.040884542465209964,0.0007039012470688841,0.002869987487792969,0.00017950145790940038,gini,6,6,6,2,"{'criterion': 'gini', 'max_depth': 6, 'min_samples_leaf': 6, 'min_samples_split': 6, 'random_state': 2}",0.5462909718228867,0.7147786083956297,0.7814836112708453,0.7917146144994246,0.7675489067894131,0.7203633425556398,0.09097862192409098,127
38,0.04045400619506836,0.0010951659745673142,0.003012847900390625,8.721558884900041e-06,gini,6,6,2,10,"{'criterion': 'gini', 'max_depth': 6, 'min_samples_leaf': 6, 'min_samples_split': 2, 'random_state': 10}",0.5462909718228867,0.7147786083956297,0.7814836112708453,0.7917146144994246,0.7675489067894131,0.7203633425556398,0.09097862192409098,127
40,0.040058326721191403,0.00019364969323233696,0.00314183235168457,0.00023662586471977744,gini,6,6,6,6,"{'criterion': 'gini', 'max_depth': 6, 'min_samples_leaf': 6, 'min_samples_split': 6, 'random_state': 6}",0.5462909718228867,0.7147786083956297,0.7814836112708453,0.7917146144994246,0.7675489067894131,0.7203633425556398,0.09097862192409098,127
26,0.018446063995361327,0.0006948609354662512,0.002555656433105469,0.00037947659745225267,gini,2,10,10,10,"{'criterion': 'gini', 'max_depth': 2, 'min_samples_leaf': 10, 'min_samples_split': 10, 'random_state': 10}",0.7084531339850488,0.718803910293272,0.7078780908568143,0.7232451093210587,0.7330264672036824,0.7182813423319752,0.00945676570550795,136
178,0.020712566375732423,0.0007214436274949757,0.0027977466583251954,0.0007473757149930434,log_loss,2,6,10,6,"{'criterion': 'log_loss', 'max_depth': 2, 'min_samples_leaf': 6, 'min_samples_split': 10, 'random_state': 6}",0.7084531339850488,0.718803910293272,0.7078780908568143,0.7232451093210587,0.7330264672036824,0.7182813423319752,0.00945676570550795,136
179,0.020403575897216798,0.0005483589462481312,0.00322575569152832,0.00026532838314040667,log_loss,2,6,10,10,"{'criterion': 'log_loss', 'max_depth': 2, 'min_samples_leaf': 6, 'min_samples_split': 10, 'random_state': 10}",0.7084531339850488,0.718803910293272,0.7078780908568143,0.7232451093210587,0.7330264672036824,0.7182813423319752,0.00945676570550795,136
180,0.020282268524169922,0.0008302309656160331,0.0029679298400878905,0.00040914308184473655,log_loss,2,10,2,2,"{'criterion': 'log_loss', 'max_depth': 2, 'min_samples_leaf': 10, 'min_samples_split': 2, 'random_state': 2}",0.7084531339850488,0.718803910293272,0.7078780908568143,0.7232451093210587,0.7330264672036824,0.7182813423319752,0.00945676570550795,136
183,0.02064666748046875,0.0005591820092649876,0.002994060516357422,8.274189608412244e-06,log_loss,2,10,6,2,"{'criterion': 'log_loss', 'max_depth': 2, 'min_samples_leaf': 10, 'min_samples_split': 6, 'random_state': 2}",0.7084531339850488,0.718803910293272,0.7078780908568143,0.7232451093210587,0.7330264672036824,0.7182813423319752,0.00945676570550795,136
182,0.020691967010498045,0.0006173719647654675,0.002686023712158203,0.00041287330222633745,log_loss,2,10,2,10,"{'criterion': 'log_loss', 'max_depth': 2, 'min_samples_leaf': 10, 'min_samples_split': 2, 'random_state': 10}",0.7084531339850488,0.718803910293272,0.7078780908568143,0.7232451093210587,0.7330264672036824,0.7182813423319752,0.00945676570550795,136
184,0.020081090927124023,0.0006131569717010722,0.0027256011962890625,0.0003843351865564369,log_loss,2,10,6,6,"{'criterion': 'log_loss', 'max_depth': 2, 'min_samples_leaf': 10, 'min_samples_split': 6, 'random_state': 6}",0.7084531339850488,0.718803910293272,0.7078780908568143,0.7232451093210587,0.7330264672036824,0.7182813423319752,0.00945676570550795,136
185,0.01977066993713379,0.0005688158141994195,0.0026088714599609374,0.00037062643498402356,log_loss,2,10,6,10,"{'criterion': 'log_loss', 'max_depth': 2, 'min_samples_leaf': 10, 'min_samples_split': 6, 'random_state': 10}",0.7084531339850488,0.718803910293272,0.7078780908568143,0.7232451093210587,0.7330264672036824,0.7182813423319752,0.00945676570550795,136
186,0.0207611083984375,0.00044890561869079146,0.003024768829345703,0.00033861584172700245,log_loss,2,10,10,2,"{'criterion': 'log_loss', 'max_depth': 2, 'min_samples_leaf': 10, 'min_samples_split': 10, 'random_state': 2}",0.7084531339850488,0.718803910293272,0.7078780908568143,0.7232451093210587,0.7330264672036824,0.7182813423319752,0.00945676570550795,136
187,0.01982722282409668,0.0005420620679308155,0.0025972843170166014,0.0004875429539727757,log_loss,2,10,10,6,"{'criterion': 'log_loss', 'max_depth': 2, 'min_samples_leaf': 10, 'min_samples_split': 10, 'random_state': 6}",0.7084531339850488,0.718803910293272,0.7078780908568143,0.7232451093210587,0.7330264672036824,0.7182813423319752,0.00945676570550795,136
188,0.020517969131469728,0.00035214485796007265,0.0029644012451171876,7.446703474246397e-05,log_loss,2,10,10,10,"{'criterion': 'log_loss', 'max_depth': 2, 'min_samples_leaf': 10, 'min_samples_split': 10, 'random_state': 10}",0.7084531339850488,0.718803910293272,0.7078780908568143,0.7232451093210587,0.7330264672036824,0.7182813423319752,0.00945676570550795,136
25,0.018216848373413086,0.0007800687341680791,0.002698802947998047,0.00039792463975970595,gini,2,10,10,6,"{'criterion': 'gini', 'max_depth': 2, 'min_samples_leaf': 10, 'min_samples_split': 10, 'random_state': 6}",0.7084531339850488,0.718803910293272,0.7078780908568143,0.7232451093210587,0.7330264672036824,0.7182813423319752,0.00945676570550795,136
181,0.0200528621673584,0.0008588556204505057,0.00312652587890625,0.00020593953746373544,log_loss,2,10,2,6,"{'criterion': 'log_loss', 'max_depth': 2, 'min_samples_leaf': 10, 'min_samples_split': 2, 'random_state': 6}",0.7084531339850488,0.718803910293272,0.7078780908568143,0.7232451093210587,0.7330264672036824,0.7182813423319752,0.00945676570550795,136
24,0.018736886978149413,0.0005918108247445203,0.0030894756317138674,0.00023720879704452541,gini,2,10,10,2,"{'criterion': 'gini', 'max_depth': 2, 'min_samples_leaf': 10, 'min_samples_split': 10, 'random_state': 2}",0.7084531339850488,0.718803910293272,0.7078780908568143,0.7232451093210587,0.7330264672036824,0.7182813423319752,0.00945676570550795,136
106,0.02172861099243164,0.0011100796448781898,0.002847099304199219,0.00043625838118884256,entropy,2,10,10,6,"{'criterion': 'entropy', 'max_depth': 2, 'min_samples_leaf': 10, 'min_samples_split': 10, 'random_state': 6}",0.7084531339850488,0.718803910293272,0.7078780908568143,0.7232451093210587,0.7330264672036824,0.7182813423319752,0.00945676570550795,136
22,0.019217443466186524,0.0010020480662168495,0.0030189990997314454,0.0002795321993994068,gini,2,10,6,6,"{'criterion': 'gini', 'max_depth': 2, 'min_samples_leaf': 10, 'min_samples_split': 6, 'random_state': 6}",0.7084531339850488,0.718803910293272,0.7078780908568143,0.7232451093210587,0.7330264672036824,0.7182813423319752,0.00945676570550795,136
1,0.018304443359375,0.00040700775227412936,0.0027310848236083984,0.0004129149063107798,gini,2,2,2,6,"{'criterion': 'gini', 'max_depth': 2, 'min_samples_leaf': 2, 'min_samples_split': 2, 'random_state': 6}",0.7084531339850488,0.718803910293272,0.7078780908568143,0.7232451093210587,0.7330264672036824,0.7182813423319752,0.00945676570550795,136
2,0.017371129989624024,0.0006876583278947429,0.002917051315307617,0.00031787633065243835,gini,2,2,2,10,"{'criterion': 'gini', 'max_depth': 2, 'min_samples_leaf': 2, 'min_samples_split': 2, 'random_state': 10}",0.7084531339850488,0.718803910293272,0.7078780908568143,0.7232451093210587,0.7330264672036824,0.7182813423319752,0.00945676570550795,136
3,0.017818784713745116,0.0007871113229546598,0.003008460998535156,9.01032988040729e-06,gini,2,2,6,2,"{'criterion': 'gini', 'max_depth': 2, 'min_samples_leaf': 2, 'min_samples_split': 6, 'random_state': 2}",0.7084531339850488,0.718803910293272,0.7078780908568143,0.7232451093210587,0.7330264672036824,0.7182813423319752,0.00945676570550795,136
4,0.017725610733032228,0.00037591041149037587,0.0026715278625488283,0.0004182926714438059,gini,2,2,6,6,"{'criterion': 'gini', 'max_depth': 2, 'min_samples_leaf': 2, 'min_samples_split': 6, 'random_state': 6}",0.7084531339850488,0.718803910293272,0.7078780908568143,0.7232451093210587,0.7330264672036824,0.7182813423319752,0.00945676570550795,136
5,0.0179654598236084,0.00044153569814246296,0.0028179168701171877,0.00016992575017834013,gini,2,2,6,10,"{'criterion': 'gini', 'max_depth': 2, 'min_samples_leaf': 2, 'min_samples_split': 6, 'random_state': 10}",0.7084531339850488,0.718803910293272,0.7078780908568143,0.7232451093210587,0.7330264672036824,0.7182813423319752,0.00945676570550795,136
6,0.018726253509521486,0.0009289369011739471,0.0028906822204589843,0.0002281445609203391,gini,2,2,10,2,"{'criterion': 'gini', 'max_depth': 2, 'min_samples_leaf': 2, 'min_samples_split': 10, 'random_state': 2}",0.7084531339850488,0.718803910293272,0.7078780908568143,0.7232451093210587,0.7330264672036824,0.7182813423319752,0.00945676570550795,136
7,0.018240880966186524,0.0005445331155567126,0.002556133270263672,0.00044831405462477037,gini,2,2,10,6,"{'criterion': 'gini', 'max_depth': 2, 'min_samples_leaf': 2, 'min_samples_split': 10, 'random_state': 6}",0.7084531339850488,0.718803910293272,0.7078780908568143,0.7232451093210587,0.7330264672036824,0.7182813423319752,0.00945676570550795,136
8,0.018392562866210938,0.0005484913177658802,0.0023059844970703125,0.00040996391850337444,gini,2,2,10,10,"{'criterion': 'gini', 'max_depth': 2, 'min_samples_leaf': 2, 'min_samples_split': 10, 'random_state': 10}",0.7084531339850488,0.718803910293272,0.7078780908568143,0.7232451093210587,0.7330264672036824,0.7182813423319752,0.00945676570550795,136
9,0.017799520492553712,0.00040999404983269586,0.0026082992553710938,0.00047186160598597447,gini,2,6,2,2,"{'criterion': 'gini', 'max_depth': 2, 'min_samples_leaf': 6, 'min_samples_split': 2, 'random_state': 2}",0.7084531339850488,0.718803910293272,0.7078780908568143,0.7232451093210587,0.7330264672036824,0.7182813423319752,0.00945676570550795,136
10,0.0180389404296875,0.00040091535333255875,0.0025657176971435546,0.0004721968072638758,gini,2,6,2,6,"{'criterion': 'gini', 'max_depth': 2, 'min_samples_leaf': 6, 'min_samples_split': 2, 'random_state': 6}",0.7084531339850488,0.718803910293272,0.7078780908568143,0.7232451093210587,0.7330264672036824,0.7182813423319752,0.00945676570550795,136
23,0.018588829040527343,0.000667529281882934,0.0029764175415039062,0.0006398098569952339,gini,2,10,6,10,"{'criterion': 'gini', 'max_depth': 2, 'min_samples_leaf': 10, 'min_samples_split': 6, 'random_state': 10}",0.7084531339850488,0.718803910293272,0.7078780908568143,0.7232451093210587,0.7330264672036824,0.7182813423319752,0.00945676570550795,136
11,0.01766490936279297,0.0009537229644765175,0.0031387805938720703,0.0005889798306293781,gini,2,6,2,10,"{'criterion': 'gini', 'max_depth': 2, 'min_samples_leaf': 6, 'min_samples_split': 2, 'random_state': 10}",0.7084531339850488,0.718803910293272,0.7078780908568143,0.7232451093210587,0.7330264672036824,0.7182813423319752,0.00945676570550795,136
13,0.01811666488647461,0.000748311574569479,0.0026166439056396484,0.00037359849006822536,gini,2,6,6,6,"{'criterion': 'gini', 'max_depth': 2, 'min_samples_leaf': 6, 'min_samples_split': 6, 'random_state': 6}",0.7084531339850488,0.718803910293272,0.7078780908568143,0.7232451093210587,0.7330264672036824,0.7182813423319752,0.00945676570550795,136
14,0.018097591400146485,0.00022247744027583492,0.002472591400146484,0.00047090933239969077,gini,2,6,6,10,"{'criterion': 'gini', 'max_depth': 2, 'min_samples_leaf': 6, 'min_samples_split': 6, 'random_state': 10}",0.7084531339850488,0.718803910293272,0.7078780908568143,0.7232451093210587,0.7330264672036824,0.7182813423319752,0.00945676570550795,136
15,0.018459033966064454,0.0007548461799690056,0.002643251419067383,0.00044935714487968025,gini,2,6,10,2,"{'criterion': 'gini', 'max_depth': 2, 'min_samples_leaf': 6, 'min_samples_split': 10, 'random_state': 2}",0.7084531339850488,0.718803910293272,0.7078780908568143,0.7232451093210587,0.7330264672036824,0.7182813423319752,0.00945676570550795,136
16,0.01841135025024414,0.00038575862039574697,0.0027858734130859373,0.00040244054442861363,gini,2,6,10,6,"{'criterion': 'gini', 'max_depth': 2, 'min_samples_leaf': 6, 'min_samples_split': 10, 'random_state': 6}",0.7084531339850488,0.718803910293272,0.7078780908568143,0.7232451093210587,0.7330264672036824,0.7182813423319752,0.00945676570550795,136
17,0.018330812454223633,0.0003181450944431747,0.002867603302001953,0.0001309408728184813,gini,2,6,10,10,"{'criterion': 'gini', 'max_depth': 2, 'min_samples_leaf': 6, 'min_samples_split': 10, 'random_state': 10}",0.7084531339850488,0.718803910293272,0.7078780908568143,0.7232451093210587,0.7330264672036824,0.7182813423319752,0.00945676570550795,136
177,0.02018451690673828,0.0007110224539407878,0.003220653533935547,0.00027096002886204616,log_loss,2,6,10,2,"{'criterion': 'log_loss', 'max_depth': 2, 'min_samples_leaf': 6, 'min_samples_split': 10, 'random_state': 2}",0.7084531339850488,0.718803910293272,0.7078780908568143,0.7232451093210587,0.7330264672036824,0.7182813423319752,0.00945676570550795,136
18,0.017594385147094726,0.0004719957237345793,0.002777433395385742,0.00046492582947037947,gini,2,10,2,2,"{'criterion': 'gini', 'max_depth': 2, 'min_samples_leaf': 10, 'min_samples_split': 2, 'random_state': 2}",0.7084531339850488,0.718803910293272,0.7078780908568143,0.7232451093210587,0.7330264672036824,0.7182813423319752,0.00945676570550795,136
19,0.017874383926391603,0.0008290440168476157,0.002869319915771484,0.0003650026454856713,gini,2,10,2,6,"{'criterion': 'gini', 'max_depth': 2, 'min_samples_leaf': 10, 'min_samples_split': 2, 'random_state': 6}",0.7084531339850488,0.718803910293272,0.7078780908568143,0.7232451093210587,0.7330264672036824,0.7182813423319752,0.00945676570550795,136
20,0.018137216567993164,0.0005473457110367516,0.002168560028076172,0.000412999935214326,gini,2,10,2,10,"{'criterion': 'gini', 'max_depth': 2, 'min_samples_leaf': 10, 'min_samples_split': 2, 'random_state': 10}",0.7084531339850488,0.718803910293272,0.7078780908568143,0.7232451093210587,0.7330264672036824,0.7182813423319752,0.00945676570550795,136
21,0.018435001373291016,0.0006762619162833983,0.003401374816894531,0.00036952466578293457,gini,2,10,6,2,"{'criterion': 'gini', 'max_depth': 2, 'min_samples_leaf': 10, 'min_samples_split': 6, 'random_state': 2}",0.7084531339850488,0.718803910293272,0.7078780908568143,0.7232451093210587,0.7330264672036824,0.7182813423319752,0.00945676570550795,136
12,0.017912578582763673,0.00036416361276632724,0.0031667232513427736,0.0004307466286266737,gini,2,6,6,2,"{'criterion': 'gini', 'max_depth': 2, 'min_samples_leaf': 6, 'min_samples_split': 6, 'random_state': 2}",0.7084531339850488,0.718803910293272,0.7078780908568143,0.7232451093210587,0.7330264672036824,0.7182813423319752,0.00945676570550795,136
176,0.020391845703125,0.0006355887422600737,0.0026988983154296875,0.00038157941314174586,log_loss,2,6,6,10,"{'criterion': 'log_loss', 'max_depth': 2, 'min_samples_leaf': 6, 'min_samples_split': 6, 'random_state': 10}",0.7084531339850488,0.718803910293272,0.7078780908568143,0.7232451093210587,0.7330264672036824,0.7182813423319752,0.00945676570550795,136
175,0.020800971984863283,0.0005220580934569512,0.002945613861083984,0.00018479500317287643,log_loss,2,6,6,6,"{'criterion': 'log_loss', 'max_depth': 2, 'min_samples_leaf': 6, 'min_samples_split': 6, 'random_state': 6}",0.7084531339850488,0.718803910293272,0.7078780908568143,0.7232451093210587,0.7330264672036824,0.7182813423319752,0.00945676570550795,136
174,0.021042585372924805,0.0006540528150437299,0.0028731822967529297,0.00016578531516996638,log_loss,2,6,6,2,"{'criterion': 'log_loss', 'max_depth': 2, 'min_samples_leaf': 6, 'min_samples_split': 6, 'random_state': 2}",0.7084531339850488,0.718803910293272,0.7078780908568143,0.7232451093210587,0.7330264672036824,0.7182813423319752,0.00945676570550795,136
82,0.01987876892089844,0.00036983566839877036,0.002702808380126953,0.0003914091490692877,entropy,2,2,2,6,"{'criterion': 'entropy', 'max_depth': 2, 'min_samples_leaf': 2, 'min_samples_split': 2, 'random_state': 6}",0.7084531339850488,0.718803910293272,0.7078780908568143,0.7232451093210587,0.7330264672036824,0.7182813423319752,0.00945676570550795,136
83,0.019347476959228515,0.0007258935990357552,0.0028441905975341796,0.0002331811029911164,entropy,2,2,2,10,"{'criterion': 'entropy', 'max_depth': 2, 'min_samples_leaf': 2, 'min_samples_split': 2, 'random_state': 10}",0.7084531339850488,0.718803910293272,0.7078780908568143,0.7232451093210587,0.7330264672036824,0.7182813423319752,0.00945676570550795,136
84,0.020128440856933594,0.00036126305946374357,0.002447366714477539,0.0006216966771118867,entropy,2,2,6,2,"{'criterion': 'entropy', 'max_depth': 2, 'min_samples_leaf': 2, 'min_samples_split': 6, 'random_state': 2}",0.7084531339850488,0.718803910293272,0.7078780908568143,0.7232451093210587,0.7330264672036824,0.7182813423319752,0.00945676570550795,136
85,0.020103645324707032,0.0005099236552375929,0.0025560855865478516,0.00044585551789284747,entropy,2,2,6,6,"{'criterion': 'entropy', 'max_depth': 2, 'min_samples_leaf': 2, 'min_samples_split': 6, 'random_state': 6}",0.7084531339850488,0.718803910293272,0.7078780908568143,0.7232451093210587,0.7330264672036824,0.7182813423319752,0.00945676570550795,136
86,0.019875240325927735,0.0005807033917723523,0.002566671371459961,0.00046787279457931883,entropy,2,2,6,10,"{'criterion': 'entropy', 'max_depth': 2, 'min_samples_leaf': 2, 'min_samples_split': 6, 'random_state': 10}",0.7084531339850488,0.718803910293272,0.7078780908568143,0.7232451093210587,0.7330264672036824,0.7182813423319752,0.00945676570550795,136
87,0.020221424102783204,0.0006821589687762553,0.00280609130859375,0.0005082502027610733,entropy,2,2,10,2,"{'criterion': 'entropy', 'max_depth': 2, 'min_samples_leaf': 2, 'min_samples_split': 10, 'random_state': 2}",0.7084531339850488,0.718803910293272,0.7078780908568143,0.7232451093210587,0.7330264672036824,0.7182813423319752,0.00945676570550795,136
88,0.020424556732177735,0.0009216377795074882,0.002663278579711914,0.0003854761319476133,entropy,2,2,10,6,"{'criterion': 'entropy', 'max_depth': 2, 'min_samples_leaf': 2, 'min_samples_split': 10, 'random_state': 6}",0.7084531339850488,0.718803910293272,0.7078780908568143,0.7232451093210587,0.7330264672036824,0.7182813423319752,0.00945676570550795,136
89,0.020052671432495117,0.000685974793550912,0.0028351306915283202,0.0004275311589786869,entropy,2,2,10,10,"{'criterion': 'entropy', 'max_depth': 2, 'min_samples_leaf': 2, 'min_samples_split': 10, 'random_state': 10}",0.7084531339850488,0.718803910293272,0.7078780908568143,0.7232451093210587,0.7330264672036824,0.7182813423319752,0.00945676570550795,136
90,0.02042422294616699,0.0006629816440646484,0.002710771560668945,0.00039093169218375255,entropy,2,6,2,2,"{'criterion': 'entropy', 'max_depth': 2, 'min_samples_leaf': 6, 'min_samples_split': 2, 'random_state': 2}",0.7084531339850488,0.718803910293272,0.7078780908568143,0.7232451093210587,0.7330264672036824,0.7182813423319752,0.00945676570550795,136
91,0.02045917510986328,0.0006327449958467736,0.0029337406158447266,8.20543787077957e-05,entropy,2,6,2,6,"{'criterion': 'entropy', 'max_depth': 2, 'min_samples_leaf': 6, 'min_samples_split': 2, 'random_state': 6}",0.7084531339850488,0.718803910293272,0.7078780908568143,0.7232451093210587,0.7330264672036824,0.7182813423319752,0.00945676570550795,136
92,0.020406579971313475,0.000691780759222653,0.0028130054473876954,0.00019855115641278465,entropy,2,6,2,10,"{'criterion': 'entropy', 'max_depth': 2, 'min_samples_leaf': 6, 'min_samples_split': 2, 'random_state': 10}",0.7084531339850488,0.718803910293272,0.7078780908568143,0.7232451093210587,0.7330264672036824,0.7182813423319752,0.00945676570550795,136
81,0.020462417602539064,0.00023076763722425613,0.0026405811309814452,0.0005406300885158791,entropy,2,2,2,2,"{'criterion': 'entropy', 'max_depth': 2, 'min_samples_leaf': 2, 'min_samples_split': 2, 'random_state': 2}",0.7084531339850488,0.718803910293272,0.7078780908568143,0.7232451093210587,0.7330264672036824,0.7182813423319752,0.00945676570550795,136
93,0.02019157409667969,0.00040751703147809377,0.0026118278503417967,0.00038520351825718145,entropy,2,6,6,2,"{'criterion': 'entropy', 'max_depth': 2, 'min_samples_leaf': 6, 'min_samples_split': 6, 'random_state': 2}",0.7084531339850488,0.718803910293272,0.7078780908568143,0.7232451093210587,0.7330264672036824,0.7182813423319752,0.00945676570550795,136
95,0.02079944610595703,0.00041327725455156085,0.010414648056030273,0.01605618126898319,entropy,2,6,6,10,"{'criterion': 'entropy', 'max_depth': 2, 'min_samples_leaf': 6, 'min_samples_split': 6, 'random_state': 10}",0.7084531339850488,0.718803910293272,0.7078780908568143,0.7232451093210587,0.7330264672036824,0.7182813423319752,0.00945676570550795,136
96,0.019854736328125,0.0004417239740979629,0.002846050262451172,0.0005194089436502514,entropy,2,6,10,2,"{'criterion': 'entropy', 'max_depth': 2, 'min_samples_leaf': 6, 'min_samples_split': 10, 'random_state': 2}",0.7084531339850488,0.718803910293272,0.7078780908568143,0.7232451093210587,0.7330264672036824,0.7182813423319752,0.00945676570550795,136
97,0.020381879806518555,0.00045738471259572735,0.0027111053466796877,0.0004923109483114329,entropy,2,6,10,6,"{'criterion': 'entropy', 'max_depth': 2, 'min_samples_leaf': 6, 'min_samples_split': 10, 'random_state': 6}",0.7084531339850488,0.718803910293272,0.7078780908568143,0.7232451093210587,0.7330264672036824,0.7182813423319752,0.00945676570550795,136
98,0.0207183837890625,0.00046903231876267146,0.002918100357055664,0.0005938518864768451,entropy,2,6,10,10,"{'criterion': 'entropy', 'max_depth': 2, 'min_samples_leaf': 6, 'min_samples_split': 10, 'random_state': 10}",0.7084531339850488,0.718803910293272,0.7078780908568143,0.7232451093210587,0.7330264672036824,0.7182813423319752,0.00945676570550795,136
99,0.02099747657775879,0.0005733275203273027,0.0029562950134277345,5.7999277763890886e-05,entropy,2,10,2,2,"{'criterion': 'entropy', 'max_depth': 2, 'min_samples_leaf': 10, 'min_samples_split': 2, 'random_state': 2}",0.7084531339850488,0.718803910293272,0.7078780908568143,0.7232451093210587,0.7330264672036824,0.7182813423319752,0.00945676570550795,136
100,0.02042388916015625,0.00022885128651829972,0.002579927444458008,0.0007258954565038084,entropy,2,10,2,6,"{'criterion': 'entropy', 'max_depth': 2, 'min_samples_leaf': 10, 'min_samples_split': 2, 'random_state': 6}",0.7084531339850488,0.718803910293272,0.7078780908568143,0.7232451093210587,0.7330264672036824,0.7182813423319752,0.00945676570550795,136
101,0.02045102119445801,0.0007807586281135165,0.0026848316192626953,0.00043644571933414605,entropy,2,10,2,10,"{'criterion': 'entropy', 'max_depth': 2, 'min_samples_leaf': 10, 'min_samples_split': 2, 'random_state': 10}",0.7084531339850488,0.718803910293272,0.7078780908568143,0.7232451093210587,0.7330264672036824,0.7182813423319752,0.00945676570550795,136
102,0.021753597259521484,0.0005147825040650839,0.002956533432006836,0.000824420317773159,entropy,2,10,6,2,"{'criterion': 'entropy', 'max_depth': 2, 'min_samples_leaf': 10, 'min_samples_split': 6, 'random_state': 2}",0.7084531339850488,0.718803910293272,0.7078780908568143,0.7232451093210587,0.7330264672036824,0.7182813423319752,0.00945676570550795,136
103,0.022251319885253907,0.0008794183928771648,0.003019905090332031,0.0005915216859299884,entropy,2,10,6,6,"{'criterion': 'entropy', 'max_depth': 2, 'min_samples_leaf': 10, 'min_samples_split': 6, 'random_state': 6}",0.7084531339850488,0.718803910293272,0.7078780908568143,0.7232451093210587,0.7330264672036824,0.7182813423319752,0.00945676570550795,136
104,0.021742486953735353,0.0006349891603706082,0.0027934551239013673,0.00027694288361035456,entropy,2,10,6,10,"{'criterion': 'entropy', 'max_depth': 2, 'min_samples_leaf': 10, 'min_samples_split': 6, 'random_state': 10}",0.7084531339850488,0.718803910293272,0.7078780908568143,0.7232451093210587,0.7330264672036824,0.7182813423319752,0.00945676570550795,136
105,0.02183361053466797,0.0007297868222854564,0.0032303333282470703,0.0006392051638959446,entropy,2,10,10,2,"{'criterion': 'entropy', 'max_depth': 2, 'min_samples_leaf': 10, 'min_samples_split': 10, 'random_state': 2}",0.7084531339850488,0.718803910293272,0.7078780908568143,0.7232451093210587,0.7330264672036824,0.7182813423319752,0.00945676570550795,136
94,0.01973896026611328,0.0005155491687292061,0.002417182922363281,0.0004854479699366607,entropy,2,6,6,6,"{'criterion': 'entropy', 'max_depth': 2, 'min_samples_leaf': 6, 'min_samples_split': 6, 'random_state': 6}",0.7084531339850488,0.718803910293272,0.7078780908568143,0.7232451093210587,0.7330264672036824,0.7182813423319752,0.00945676570550795,136
107,0.02572770118713379,0.005511529902224266,0.003699779510498047,0.0006708242521699089,entropy,2,10,10,10,"{'criterion': 'entropy', 'max_depth': 2, 'min_samples_leaf': 10, 'min_samples_split': 10, 'random_state': 10}",0.7084531339850488,0.718803910293272,0.7078780908568143,0.7232451093210587,0.7330264672036824,0.7182813423319752,0.00945676570550795,136
0,0.018952369689941406,0.0011221318280433237,0.002876615524291992,0.00014426507863330538,gini,2,2,2,2,"{'criterion': 'gini', 'max_depth': 2, 'min_samples_leaf': 2, 'min_samples_split': 2, 'random_state': 2}",0.7084531339850488,0.718803910293272,0.7078780908568143,0.7232451093210587,0.7330264672036824,0.7182813423319752,0.00945676570550795,136
163,0.02008342742919922,0.0007445832761527944,0.0029815196990966796,7.816939168422602e-05,log_loss,2,2,2,6,"{'criterion': 'log_loss', 'max_depth': 2, 'min_samples_leaf': 2, 'min_samples_split': 2, 'random_state': 6}",0.7084531339850488,0.718803910293272,0.7078780908568143,0.7232451093210587,0.7330264672036824,0.7182813423319752,0.00945676570550795,136
164,0.01994466781616211,0.0006616661375746942,0.0023431777954101562,0.00042801900438093856,log_loss,2,2,2,10,"{'criterion': 'log_loss', 'max_depth': 2, 'min_samples_leaf': 2, 'min_samples_split': 2, 'random_state': 10}",0.7084531339850488,0.718803910293272,0.7078780908568143,0.7232451093210587,0.7330264672036824,0.7182813423319752,0.00945676570550795,136
173,0.01996917724609375,0.0003032300957854196,0.002663850784301758,0.00037600359092861705,log_loss,2,6,2,10,"{'criterion': 'log_loss', 'max_depth': 2, 'min_samples_leaf': 6, 'min_samples_split': 2, 'random_state': 10}",0.7084531339850488,0.718803910293272,0.7078780908568143,0.7232451093210587,0.7330264672036824,0.7182813423319752,0.00945676570550795,136
165,0.020698070526123047,0.0009224302979395383,0.0024803638458251952,0.000420830731454873,log_loss,2,2,6,2,"{'criterion': 'log_loss', 'max_depth': 2, 'min_samples_leaf': 2, 'min_samples_split': 6, 'random_state': 2}",0.7084531339850488,0.718803910293272,0.7078780908568143,0.7232451093210587,0.7330264672036824,0.7182813423319752,0.00945676570550795,136
166,0.020544672012329103,0.00030967879306646994,0.002588653564453125,0.0005396066470926573,log_loss,2,2,6,6,"{'criterion': 'log_loss', 'max_depth': 2, 'min_samples_leaf': 2, 'min_samples_split': 6, 'random_state': 6}",0.7084531339850488,0.718803910293272,0.7078780908568143,0.7232451093210587,0.7330264672036824,0.7182813423319752,0.00945676570550795,136
167,0.019844532012939453,0.0005216257652569865,0.0029072284698486326,0.0004959466673532134,log_loss,2,2,6,10,"{'criterion': 'log_loss', 'max_depth': 2, 'min_samples_leaf': 2, 'min_samples_split': 6, 'random_state': 10}",0.7084531339850488,0.718803910293272,0.7078780908568143,0.7232451093210587,0.7330264672036824,0.7182813423319752,0.00945676570550795,136
168,0.020159292221069335,0.0006459867414747579,0.002503776550292969,0.0004523932722950215,log_loss,2,2,10,2,"{'criterion': 'log_loss', 'max_depth': 2, 'min_samples_leaf': 2, 'min_samples_split': 10, 'random_state': 2}",0.7084531339850488,0.718803910293272,0.7078780908568143,0.7232451093210587,0.7330264672036824,0.7182813423319752,0.00945676570550795,136
169,0.02083897590637207,0.000582157146651905,0.0029586315155029296,5.941773673235236e-05,log_loss,2,2,10,6,"{'criterion': 'log_loss', 'max_depth': 2, 'min_samples_leaf': 2, 'min_samples_split': 10, 'random_state': 6}",0.7084531339850488,0.718803910293272,0.7078780908568143,0.7232451093210587,0.7330264672036824,0.7182813423319752,0.00945676570550795,136
172,0.021254253387451173,0.0010623962639433693,0.0031355857849121095,0.000407449904697996,log_loss,2,6,2,6,"{'criterion': 'log_loss', 'max_depth': 2, 'min_samples_leaf': 6, 'min_samples_split': 2, 'random_state': 6}",0.7084531339850488,0.718803910293272,0.7078780908568143,0.7232451093210587,0.7330264672036824,0.7182813423319752,0.00945676570550795,136
170,0.02034454345703125,0.0005056281351407537,0.002944278717041016,0.00035678823453305,log_loss,2,2,10,10,"{'criterion': 'log_loss', 'max_depth': 2, 'min_samples_leaf': 2, 'min_samples_split': 10, 'random_state': 10}",0.7084531339850488,0.718803910293272,0.7078780908568143,0.7232451093210587,0.7330264672036824,0.7182813423319752,0.00945676570550795,136
171,0.020468997955322265,0.0006261189359008461,0.0028088569641113283,0.00040481074748436924,log_loss,2,6,2,2,"{'criterion': 'log_loss', 'max_depth': 2, 'min_samples_leaf': 6, 'min_samples_split': 2, 'random_state': 2}",0.7084531339850488,0.718803910293272,0.7078780908568143,0.7232451093210587,0.7330264672036824,0.7182813423319752,0.00945676570550795,136
162,0.020290374755859375,0.0004548159702660504,0.0025565624237060547,0.00039481287408495185,log_loss,2,2,2,2,"{'criterion': 'log_loss', 'max_depth': 2, 'min_samples_leaf': 2, 'min_samples_split': 2, 'random_state': 2}",0.7084531339850488,0.718803910293272,0.7078780908568143,0.7232451093210587,0.7330264672036824,0.7182813423319752,0.00945676570550795,136
35,0.04127998352050781,0.0004320389485947813,0.002982330322265625,5.583504541340247e-05,gini,6,2,10,10,"{'criterion': 'gini', 'max_depth': 6, 'min_samples_leaf': 2, 'min_samples_split': 10, 'random_state': 10}",0.5491661874640598,0.7130534790109259,0.7780333525014376,0.7951668584579977,0.7387802071346375,0.7148400169138116,0.08771538214610745,217
34,0.04124855995178223,0.0008160606923455267,0.0030105113983154297,0.0006328462870613593,gini,6,2,10,6,"{'criterion': 'gini', 'max_depth': 6, 'min_samples_leaf': 2, 'min_samples_split': 10, 'random_state': 6}",0.5491661874640598,0.7130534790109259,0.7780333525014376,0.7951668584579977,0.7387802071346375,0.7148400169138116,0.08771538214610745,217
33,0.04284558296203613,0.000863747356125365,0.0029173851013183593,0.0002083734516232047,gini,6,2,10,2,"{'criterion': 'gini', 'max_depth': 6, 'min_samples_leaf': 2, 'min_samples_split': 10, 'random_state': 2}",0.5491661874640598,0.7130534790109259,0.7780333525014376,0.7951668584579977,0.7387802071346375,0.7148400169138116,0.08771538214610745,217
28,0.04091134071350098,0.001199187345594837,0.0024347305297851562,0.0004350075134423795,gini,6,2,2,6,"{'criterion': 'gini', 'max_depth': 6, 'min_samples_leaf': 2, 'min_samples_split': 2, 'random_state': 6}",0.5491661874640598,0.7130534790109259,0.7786083956296722,0.7945914844649021,0.7387802071346375,0.7148399507408395,0.08769360853632768,220
30,0.04233484268188477,0.0007633892670470433,0.0030604839324951173,8.757054367399648e-05,gini,6,2,6,2,"{'criterion': 'gini', 'max_depth': 6, 'min_samples_leaf': 2, 'min_samples_split': 6, 'random_state': 2}",0.5491661874640598,0.7130534790109259,0.7786083956296722,0.7945914844649021,0.7387802071346375,0.7148399507408395,0.08769360853632768,220
27,0.04110674858093262,0.0013229833196611205,0.0029931068420410156,1.2751271125242976e-05,gini,6,2,2,2,"{'criterion': 'gini', 'max_depth': 6, 'min_samples_leaf': 2, 'min_samples_split': 2, 'random_state': 2}",0.5491661874640598,0.7130534790109259,0.7786083956296722,0.7945914844649021,0.7387802071346375,0.7148399507408395,0.08769360853632768,220
31,0.04219732284545898,0.0011643472433565793,0.003065013885498047,0.00035688799299845534,gini,6,2,6,6,"{'criterion': 'gini', 'max_depth': 6, 'min_samples_leaf': 2, 'min_samples_split': 6, 'random_state': 6}",0.5491661874640598,0.7130534790109259,0.7786083956296722,0.7945914844649021,0.7387802071346375,0.7148399507408395,0.08769360853632768,220
29,0.042256498336791994,0.0003686932412216123,0.0029436588287353516,0.00013842958024075095,gini,6,2,2,10,"{'criterion': 'gini', 'max_depth': 6, 'min_samples_leaf': 2, 'min_samples_split': 2, 'random_state': 10}",0.5491661874640598,0.7130534790109259,0.777458309373203,0.7945914844649021,0.7387802071346375,0.7146099334895457,0.08752739528308283,224
32,0.04195823669433594,0.0009023767171202925,0.0029246330261230467,0.0004878796475620911,gini,6,2,6,10,"{'criterion': 'gini', 'max_depth': 6, 'min_samples_leaf': 2, 'min_samples_split': 6, 'random_state': 10}",0.5491661874640598,0.7130534790109259,0.777458309373203,0.7945914844649021,0.7387802071346375,0.7146099334895457,0.08752739528308283,224
70,0.058538055419921874,0.0017251222640747802,0.003045177459716797,0.0003718164640477933,gini,10,6,10,6,"{'criterion': 'gini', 'max_depth': 10, 'min_samples_leaf': 6, 'min_samples_split': 10, 'random_state': 6}",0.5422656699252444,0.7090281771132835,0.7705577918343876,0.7894131185270425,0.738204833141542,0.7098939181082999,0.08820985865208131,226
67,0.058329296112060544,0.0011986804753739018,0.002645540237426758,0.0003608873098196033,gini,10,6,6,6,"{'criterion': 'gini', 'max_depth': 10, 'min_samples_leaf': 6, 'min_samples_split': 6, 'random_state': 6}",0.5422656699252444,0.7090281771132835,0.7705577918343876,0.7894131185270425,0.738204833141542,0.7098939181082999,0.08820985865208131,226
64,0.060449075698852536,0.0013286945906144613,0.0030195236206054686,6.245372745457551e-05,gini,10,6,2,6,"{'criterion': 'gini', 'max_depth': 10, 'min_samples_leaf': 6, 'min_samples_split': 2, 'random_state': 6}",0.5422656699252444,0.7090281771132835,0.7705577918343876,0.7894131185270425,0.738204833141542,0.7098939181082999,0.08820985865208131,226
69,0.05960602760314941,0.0017305468351203792,0.0030753612518310547,0.00014817924720521652,gini,10,6,10,2,"{'criterion': 'gini', 'max_depth': 10, 'min_samples_leaf': 6, 'min_samples_split': 10, 'random_state': 2}",0.5422656699252444,0.7096032202415181,0.7694077055779184,0.7882623705408516,0.7376294591484465,0.7094336850867957,0.08780776787328223,229
66,0.05910425186157227,0.0005185371897968782,0.002680397033691406,0.0004130179650605758,gini,10,6,6,2,"{'criterion': 'gini', 'max_depth': 10, 'min_samples_leaf': 6, 'min_samples_split': 6, 'random_state': 2}",0.5422656699252444,0.7096032202415181,0.7694077055779184,0.7882623705408516,0.7376294591484465,0.7094336850867957,0.08780776787328223,229
63,0.06094136238098145,0.0010667475880944282,0.0031424045562744142,0.0003239967751551641,gini,10,6,2,2,"{'criterion': 'gini', 'max_depth': 10, 'min_samples_leaf': 6, 'min_samples_split': 2, 'random_state': 2}",0.5422656699252444,0.7096032202415181,0.7694077055779184,0.7882623705408516,0.7376294591484465,0.7094336850867957,0.08780776787328223,229
65,0.05853404998779297,0.0011635028688834253,0.00299983024597168,1.9860367814781087e-05,gini,10,6,2,10,"{'criterion': 'gini', 'max_depth': 10, 'min_samples_leaf': 6, 'min_samples_split': 2, 'random_state': 10}",0.5416906267970097,0.7096032202415181,0.7711328349626222,0.7859608745684695,0.7376294591484465,0.7092034031436132,0.08785863042184507,232
71,0.05826268196105957,0.001116100107616409,0.0030737876892089843,0.00015681452408738066,gini,10,6,10,10,"{'criterion': 'gini', 'max_depth': 10, 'min_samples_leaf': 6, 'min_samples_split': 10, 'random_state': 10}",0.5416906267970097,0.7096032202415181,0.7711328349626222,0.7859608745684695,0.7376294591484465,0.7092034031436132,0.08785863042184507,232
68,0.0580958366394043,0.0007344391139900021,0.002754974365234375,0.00036787872104132363,gini,10,6,6,10,"{'criterion': 'gini', 'max_depth': 10, 'min_samples_leaf': 6, 'min_samples_split': 6, 'random_state': 10}",0.5416906267970097,0.7096032202415181,0.7711328349626222,0.7859608745684695,0.7376294591484465,0.7092034031436132,0.08785863042184507,232
62,0.06037492752075195,0.0014019452091381909,0.0028888702392578123,0.0006492174840507573,gini,10,2,10,10,"{'criterion': 'gini', 'max_depth': 10, 'min_samples_leaf': 2, 'min_samples_split': 10, 'random_state': 10}",0.5405405405405406,0.6400230017251294,0.765382403680276,0.7876869965477561,0.7249712313003452,0.6917208347588095,0.09085072054193541,235
61,0.06321115493774414,0.001225795048181899,0.002939653396606445,0.00011884379623925221,gini,10,2,10,6,"{'criterion': 'gini', 'max_depth': 10, 'min_samples_leaf': 2, 'min_samples_split': 10, 'random_state': 6}",0.5359401955146637,0.6411730879815987,0.7659574468085106,0.7882623705408516,0.7226697353279632,0.6908005672347175,0.0923121064131902,236
60,0.060789060592651364,0.0011343823645013308,0.0028017520904541015,0.00029967925970339113,gini,10,2,10,2,"{'criterion': 'gini', 'max_depth': 10, 'min_samples_leaf': 2, 'min_samples_split': 10, 'random_state': 2}",0.535365152386429,0.640598044853364,0.7676825761932144,0.7871116225546605,0.7232451093210587,0.6908005010617454,0.09264963295341848,237
58,0.060368013381958005,0.000427055220456972,0.0030095577239990234,1.8789441339771294e-05,gini,10,2,6,6,"{'criterion': 'gini', 'max_depth': 10, 'min_samples_leaf': 2, 'min_samples_split': 6, 'random_state': 6}",0.5405405405405406,0.6423231742380678,0.765382403680276,0.783084004602992,0.7163406214039125,0.6895341488931578,0.08905177334996633,238
57,0.05973796844482422,0.0012352481944007062,0.0029642581939697266,0.00032071349090285025,gini,10,2,6,2,"{'criterion': 'gini', 'max_depth': 10, 'min_samples_leaf': 2, 'min_samples_split': 6, 'random_state': 2}",0.535365152386429,0.6417481311098332,0.7659574468085106,0.786536248561565,0.7163406214039125,0.6891895200540501,0.09167279193643496,239
56,0.060990095138549805,0.0014785019879214368,0.002412748336791992,0.0004806113935651452,gini,10,2,2,10,"{'criterion': 'gini', 'max_depth': 10, 'min_samples_leaf': 2, 'min_samples_split': 2, 'random_state': 10}",0.5290396779758482,0.6400230017251294,0.7688326624496837,0.7859608745684695,0.714614499424626,0.6876941432287513,0.09424255137061363,240
54,0.06021342277526855,0.0010100198346715923,0.002464628219604492,0.0005839573871213316,gini,10,2,2,2,"{'criterion': 'gini', 'max_depth': 10, 'min_samples_leaf': 2, 'min_samples_split': 2, 'random_state': 2}",0.527889591719379,0.6400230017251294,0.7665324899367453,0.7871116225546605,0.7151898734177216,0.6873493158707271,0.09451430915118393,241
59,0.06004176139831543,0.0014538369090495266,0.0026268959045410156,0.000537581081714413,gini,10,2,6,10,"{'criterion': 'gini', 'max_depth': 10, 'min_samples_leaf': 2, 'min_samples_split': 6, 'random_state': 10}",0.5405405405405406,0.6400230017251294,0.7613571017826337,0.7836593785960875,0.7105868814729575,0.6872333808234697,0.08841413273085302,242
55,0.060786199569702146,0.0013328650847574141,0.003372001647949219,0.00047930582450072813,gini,10,2,2,6,"{'criterion': 'gini', 'max_depth': 10, 'min_samples_leaf': 2, 'min_samples_split': 2, 'random_state': 6}",0.5227142035652674,0.6411730879815987,0.7659574468085106,0.784234752589183,0.716915995397008,0.6861990972683135,0.09557255238571458,243
