,mean_fit_time,std_fit_time,mean_score_time,std_score_time,param_bootstrap,param_class_weight,param_criterion,param_max_features,param_n_estimators,param_warm_start,params,split0_test_score,split1_test_score,split2_test_score,split3_test_score,split4_test_score,mean_test_score,std_test_score,rank_test_score
95,1.4671758174896241,0.027308002887999696,0.08293910026550293,0.0004173594526922334,True,balanced_subsample,log_loss,sqrt,500,False,"{'bootstrap': True, 'class_weight': 'balanced_subsample', 'criterion': 'log_loss', 'max_features': 'sqrt', 'n_estimators': 500, 'warm_start': False}",0.6561242093156987,0.7349051178838413,0.8010350776308223,0.8170310701956272,0.7508630609896433,0.7519917072031266,0.05677882254752302,1
83,1.5028432369232179,0.022423636777979282,0.0831526279449463,0.0005548930182442281,True,balanced_subsample,entropy,log2,500,False,"{'bootstrap': True, 'class_weight': 'balanced_subsample', 'criterion': 'entropy', 'max_features': 'log2', 'n_estimators': 500, 'warm_start': False}",0.6561242093156987,0.7349051178838413,0.8010350776308223,0.8170310701956272,0.7508630609896433,0.7519917072031266,0.05677882254752302,1
82,1.4761308193206788,0.026132451615620705,0.08283791542053223,0.00047978118440016753,True,balanced_subsample,entropy,log2,500,True,"{'bootstrap': True, 'class_weight': 'balanced_subsample', 'criterion': 'entropy', 'max_features': 'log2', 'n_estimators': 500, 'warm_start': True}",0.6561242093156987,0.7349051178838413,0.8010350776308223,0.8170310701956272,0.7508630609896433,0.7519917072031266,0.05677882254752302,1
77,1.4851547718048095,0.008834984144079171,0.08788304328918457,0.004891510447694356,True,balanced_subsample,entropy,sqrt,500,False,"{'bootstrap': True, 'class_weight': 'balanced_subsample', 'criterion': 'entropy', 'max_features': 'sqrt', 'n_estimators': 500, 'warm_start': False}",0.6561242093156987,0.7349051178838413,0.8010350776308223,0.8170310701956272,0.7508630609896433,0.7519917072031266,0.05677882254752302,1
76,1.496555471420288,0.0112243982931885,0.08333387374877929,0.0008674680845725836,True,balanced_subsample,entropy,sqrt,500,True,"{'bootstrap': True, 'class_weight': 'balanced_subsample', 'criterion': 'entropy', 'max_features': 'sqrt', 'n_estimators': 500, 'warm_start': True}",0.6561242093156987,0.7349051178838413,0.8010350776308223,0.8170310701956272,0.7508630609896433,0.7519917072031266,0.05677882254752302,1
100,1.437133264541626,0.019192307283725858,0.08067564964294434,0.004680769553750029,True,balanced_subsample,log_loss,log2,500,True,"{'bootstrap': True, 'class_weight': 'balanced_subsample', 'criterion': 'log_loss', 'max_features': 'log2', 'n_estimators': 500, 'warm_start': True}",0.6561242093156987,0.7349051178838413,0.8010350776308223,0.8170310701956272,0.7508630609896433,0.7519917072031266,0.05677882254752302,1
101,1.4169204711914063,0.007945942836050927,0.08071932792663575,0.00413863579071394,True,balanced_subsample,log_loss,log2,500,False,"{'bootstrap': True, 'class_weight': 'balanced_subsample', 'criterion': 'log_loss', 'max_features': 'log2', 'n_estimators': 500, 'warm_start': False}",0.6561242093156987,0.7349051178838413,0.8010350776308223,0.8170310701956272,0.7508630609896433,0.7519917072031266,0.05677882254752302,1
94,1.4404695510864258,0.014076812274279467,0.0865100383758545,0.012472175333635807,True,balanced_subsample,log_loss,sqrt,500,True,"{'bootstrap': True, 'class_weight': 'balanced_subsample', 'criterion': 'log_loss', 'max_features': 'sqrt', 'n_estimators': 500, 'warm_start': True}",0.6561242093156987,0.7349051178838413,0.8010350776308223,0.8170310701956272,0.7508630609896433,0.7519917072031266,0.05677882254752302,1
19,0.23051829338073732,0.0038014704916638333,0.02900385856628418,1.0265851088338367e-05,True,balanced,entropy,sqrt,100,False,"{'bootstrap': True, 'class_weight': 'balanced', 'criterion': 'entropy', 'max_features': 'sqrt', 'n_estimators': 100, 'warm_start': False}",0.6705002875215641,0.7377803335250144,0.78953421506613,0.8153049482163406,0.7422324510932106,0.7510704470844519,0.04970275744174384,9
18,0.23455867767333985,0.007629011219945636,0.02890048027038574,0.00019282828918703264,True,balanced,entropy,sqrt,100,True,"{'bootstrap': True, 'class_weight': 'balanced', 'criterion': 'entropy', 'max_features': 'sqrt', 'n_estimators': 100, 'warm_start': True}",0.6705002875215641,0.7377803335250144,0.78953421506613,0.8153049482163406,0.7422324510932106,0.7510704470844519,0.04970275744174384,9
25,0.22750582695007324,0.003659165164333992,0.02890944480895996,0.00017228443930473848,True,balanced,entropy,log2,100,False,"{'bootstrap': True, 'class_weight': 'balanced', 'criterion': 'entropy', 'max_features': 'log2', 'n_estimators': 100, 'warm_start': False}",0.6705002875215641,0.7377803335250144,0.78953421506613,0.8153049482163406,0.7422324510932106,0.7510704470844519,0.04970275744174384,9
36,0.23168768882751464,0.004089412419701894,0.028618764877319337,0.000389141496519987,True,balanced,log_loss,sqrt,100,True,"{'bootstrap': True, 'class_weight': 'balanced', 'criterion': 'log_loss', 'max_features': 'sqrt', 'n_estimators': 100, 'warm_start': True}",0.6705002875215641,0.7377803335250144,0.78953421506613,0.8153049482163406,0.7422324510932106,0.7510704470844519,0.04970275744174384,9
37,0.2290576457977295,0.00854859468304244,0.028900527954101564,0.00019583352032159808,True,balanced,log_loss,sqrt,100,False,"{'bootstrap': True, 'class_weight': 'balanced', 'criterion': 'log_loss', 'max_features': 'sqrt', 'n_estimators': 100, 'warm_start': False}",0.6705002875215641,0.7377803335250144,0.78953421506613,0.8153049482163406,0.7422324510932106,0.7510704470844519,0.04970275744174384,9
42,0.22707757949829102,0.0030841152146024314,0.028707504272460938,0.00038287740499177205,True,balanced,log_loss,log2,100,True,"{'bootstrap': True, 'class_weight': 'balanced', 'criterion': 'log_loss', 'max_features': 'log2', 'n_estimators': 100, 'warm_start': True}",0.6705002875215641,0.7377803335250144,0.78953421506613,0.8153049482163406,0.7422324510932106,0.7510704470844519,0.04970275744174384,9
24,0.22319378852844238,0.004652477079418129,0.028797245025634764,0.00039857421859217486,True,balanced,entropy,log2,100,True,"{'bootstrap': True, 'class_weight': 'balanced', 'criterion': 'entropy', 'max_features': 'log2', 'n_estimators': 100, 'warm_start': True}",0.6705002875215641,0.7377803335250144,0.78953421506613,0.8153049482163406,0.7422324510932106,0.7510704470844519,0.04970275744174384,9
43,0.22578086853027343,0.004407640209692386,0.028900146484375,0.00036334121623603715,True,balanced,log_loss,log2,100,False,"{'bootstrap': True, 'class_weight': 'balanced', 'criterion': 'log_loss', 'max_features': 'log2', 'n_estimators': 100, 'warm_start': False}",0.6705002875215641,0.7377803335250144,0.78953421506613,0.8153049482163406,0.7422324510932106,0.7510704470844519,0.04970275744174384,9
41,1.0527237892150878,0.010220367925472075,0.07829365730285645,0.005450743358256948,True,balanced,log_loss,sqrt,500,False,"{'bootstrap': True, 'class_weight': 'balanced', 'criterion': 'log_loss', 'max_features': 'sqrt', 'n_estimators': 500, 'warm_start': False}",0.6635997699827487,0.738355376653249,0.7975848188614146,0.8141542002301496,0.740506329113924,0.7508400989682972,0.05304201042320296,17
29,1.072218370437622,0.022552439530243676,0.0906670093536377,0.009476378422371732,True,balanced,entropy,log2,500,False,"{'bootstrap': True, 'class_weight': 'balanced', 'criterion': 'entropy', 'max_features': 'log2', 'n_estimators': 500, 'warm_start': False}",0.6635997699827487,0.738355376653249,0.7975848188614146,0.8141542002301496,0.740506329113924,0.7508400989682972,0.05304201042320296,17
28,1.0566633701324464,0.021274065229411738,0.08157105445861816,0.004446008039153515,True,balanced,entropy,log2,500,True,"{'bootstrap': True, 'class_weight': 'balanced', 'criterion': 'entropy', 'max_features': 'log2', 'n_estimators': 500, 'warm_start': True}",0.6635997699827487,0.738355376653249,0.7975848188614146,0.8141542002301496,0.740506329113924,0.7508400989682972,0.05304201042320296,17
46,1.0473955154418946,0.006938370532128701,0.07852082252502442,0.004711656783164127,True,balanced,log_loss,log2,500,True,"{'bootstrap': True, 'class_weight': 'balanced', 'criterion': 'log_loss', 'max_features': 'log2', 'n_estimators': 500, 'warm_start': True}",0.6635997699827487,0.738355376653249,0.7975848188614146,0.8141542002301496,0.740506329113924,0.7508400989682972,0.05304201042320296,17
40,1.0448811531066895,0.005712052751341067,0.07869720458984375,0.005141730871466822,True,balanced,log_loss,sqrt,500,True,"{'bootstrap': True, 'class_weight': 'balanced', 'criterion': 'log_loss', 'max_features': 'sqrt', 'n_estimators': 500, 'warm_start': True}",0.6635997699827487,0.738355376653249,0.7975848188614146,0.8141542002301496,0.740506329113924,0.7508400989682972,0.05304201042320296,17
23,1.034360694885254,0.009145892169026672,0.07918949127197265,0.005065624006540216,True,balanced,entropy,sqrt,500,False,"{'bootstrap': True, 'class_weight': 'balanced', 'criterion': 'entropy', 'max_features': 'sqrt', 'n_estimators': 500, 'warm_start': False}",0.6635997699827487,0.738355376653249,0.7975848188614146,0.8141542002301496,0.740506329113924,0.7508400989682972,0.05304201042320296,17
47,1.0515676975250243,0.0020037994497111265,0.07847719192504883,0.005490143388305794,True,balanced,log_loss,log2,500,False,"{'bootstrap': True, 'class_weight': 'balanced', 'criterion': 'log_loss', 'max_features': 'log2', 'n_estimators': 500, 'warm_start': False}",0.6635997699827487,0.738355376653249,0.7975848188614146,0.8141542002301496,0.740506329113924,0.7508400989682972,0.05304201042320296,17
22,1.0637582302093507,0.019007290837231978,0.08191514015197754,0.008539997161433117,True,balanced,entropy,sqrt,500,True,"{'bootstrap': True, 'class_weight': 'balanced', 'criterion': 'entropy', 'max_features': 'sqrt', 'n_estimators': 500, 'warm_start': True}",0.6635997699827487,0.738355376653249,0.7975848188614146,0.8141542002301496,0.740506329113924,0.7508400989682972,0.05304201042320296,17
85,0.5607863903045655,0.015986903152886513,0.028826332092285155,0.0005071872913497642,True,balanced_subsample,entropy,,100,False,"{'bootstrap': True, 'class_weight': 'balanced_subsample', 'criterion': 'entropy', 'max_features': None, 'n_estimators': 100, 'warm_start': False}",0.706728004600345,0.718803910293272,0.7814836112708453,0.8153049482163406,0.7313003452243959,0.7507241639210397,0.04110637580924571,25
84,0.5649584770202637,0.00951894101794845,0.028615140914916994,0.0005887289356758553,True,balanced_subsample,entropy,,100,True,"{'bootstrap': True, 'class_weight': 'balanced_subsample', 'criterion': 'entropy', 'max_features': None, 'n_estimators': 100, 'warm_start': True}",0.706728004600345,0.718803910293272,0.7814836112708453,0.8153049482163406,0.7313003452243959,0.7507241639210397,0.04110637580924571,25
102,0.5421000003814698,0.00782364503612325,0.029096031188964845,0.0004911258287362022,True,balanced_subsample,log_loss,,100,True,"{'bootstrap': True, 'class_weight': 'balanced_subsample', 'criterion': 'log_loss', 'max_features': None, 'n_estimators': 100, 'warm_start': True}",0.706728004600345,0.718803910293272,0.7814836112708453,0.8153049482163406,0.7313003452243959,0.7507241639210397,0.04110637580924571,25
103,0.5416563510894775,0.007917067115784484,0.02872605323791504,0.0004175079907668203,True,balanced_subsample,log_loss,,100,False,"{'bootstrap': True, 'class_weight': 'balanced_subsample', 'criterion': 'log_loss', 'max_features': None, 'n_estimators': 100, 'warm_start': False}",0.706728004600345,0.718803910293272,0.7814836112708453,0.8153049482163406,0.7313003452243959,0.7507241639210397,0.04110637580924571,25
106,2.427572822570801,0.02223261328603268,0.08128461837768555,0.004546245822712467,True,balanced_subsample,log_loss,,500,True,"{'bootstrap': True, 'class_weight': 'balanced_subsample', 'criterion': 'log_loss', 'max_features': None, 'n_estimators': 500, 'warm_start': True}",0.7073030477285797,0.7228292121909143,0.7809085681426107,0.810126582278481,0.7284234752589183,0.7499181771199008,0.03898035369140622,29
89,2.407344198226929,0.03323713894709623,0.08110671043395996,0.0039022876878452993,True,balanced_subsample,entropy,,500,False,"{'bootstrap': True, 'class_weight': 'balanced_subsample', 'criterion': 'entropy', 'max_features': None, 'n_estimators': 500, 'warm_start': False}",0.7073030477285797,0.7228292121909143,0.7809085681426107,0.810126582278481,0.7284234752589183,0.7499181771199008,0.03898035369140622,29
88,2.443117380142212,0.03129548999730858,0.08077898025512695,0.0039376855980489305,True,balanced_subsample,entropy,,500,True,"{'bootstrap': True, 'class_weight': 'balanced_subsample', 'criterion': 'entropy', 'max_features': None, 'n_estimators': 500, 'warm_start': True}",0.7073030477285797,0.7228292121909143,0.7809085681426107,0.810126582278481,0.7284234752589183,0.7499181771199008,0.03898035369140622,29
107,2.4236916065216065,0.03450541540871344,0.07870988845825196,0.005265479583124419,True,balanced_subsample,log_loss,,500,False,"{'bootstrap': True, 'class_weight': 'balanced_subsample', 'criterion': 'log_loss', 'max_features': None, 'n_estimators': 500, 'warm_start': False}",0.7073030477285797,0.7228292121909143,0.7809085681426107,0.810126582278481,0.7284234752589183,0.7499181771199008,0.03898035369140622,29
105,1.025697374343872,0.014917581289373288,0.039841651916503906,0.0001997658041668023,True,balanced_subsample,log_loss,,200,False,"{'bootstrap': True, 'class_weight': 'balanced_subsample', 'criterion': 'log_loss', 'max_features': None, 'n_estimators': 200, 'warm_start': False}",0.7078780908568143,0.7176538240368028,0.7786083956296722,0.8130034522439585,0.7289988492520139,0.7492285224038524,0.04011602689400427,33
87,1.0578694820404053,0.013352123240824207,0.03953461647033692,0.00027671667606870166,True,balanced_subsample,entropy,,200,False,"{'bootstrap': True, 'class_weight': 'balanced_subsample', 'criterion': 'entropy', 'max_features': None, 'n_estimators': 200, 'warm_start': False}",0.7078780908568143,0.7176538240368028,0.7786083956296722,0.8130034522439585,0.7289988492520139,0.7492285224038524,0.04011602689400427,33
86,1.0660587310791017,0.019665125906093088,0.03977236747741699,0.00025122031615790956,True,balanced_subsample,entropy,,200,True,"{'bootstrap': True, 'class_weight': 'balanced_subsample', 'criterion': 'entropy', 'max_features': None, 'n_estimators': 200, 'warm_start': True}",0.7078780908568143,0.7176538240368028,0.7786083956296722,0.8130034522439585,0.7289988492520139,0.7492285224038524,0.04011602689400427,33
104,1.0291937828063964,0.017342934852753695,0.03982796669006348,0.0009482788477069427,True,balanced_subsample,log_loss,,200,True,"{'bootstrap': True, 'class_weight': 'balanced_subsample', 'criterion': 'log_loss', 'max_features': None, 'n_estimators': 200, 'warm_start': True}",0.7078780908568143,0.7176538240368028,0.7786083956296722,0.8130034522439585,0.7289988492520139,0.7492285224038524,0.04011602689400427,33
52,2.292396068572998,0.02737958479151501,0.08325462341308594,0.007117784206715914,True,balanced,log_loss,,500,True,"{'bootstrap': True, 'class_weight': 'balanced', 'criterion': 'log_loss', 'max_features': None, 'n_estimators': 500, 'warm_start': True}",0.7078780908568143,0.7205290396779759,0.7814836112708453,0.807825086306099,0.7284234752589183,0.7492278606741305,0.03857542363044207,37
34,2.358274745941162,0.1111921055574423,0.08390998840332031,0.00020682308097445917,True,balanced,entropy,,500,True,"{'bootstrap': True, 'class_weight': 'balanced', 'criterion': 'entropy', 'max_features': None, 'n_estimators': 500, 'warm_start': True}",0.7078780908568143,0.7205290396779759,0.7814836112708453,0.807825086306099,0.7284234752589183,0.7492278606741305,0.03857542363044207,37
35,2.308669185638428,0.07035231642177388,0.08117265701293945,0.004576191893691629,True,balanced,entropy,,500,False,"{'bootstrap': True, 'class_weight': 'balanced', 'criterion': 'entropy', 'max_features': None, 'n_estimators': 500, 'warm_start': False}",0.7078780908568143,0.7205290396779759,0.7814836112708453,0.807825086306099,0.7284234752589183,0.7492278606741305,0.03857542363044207,37
53,2.274966287612915,0.04726632068250083,0.07899532318115235,0.0052534484422162905,True,balanced,log_loss,,500,False,"{'bootstrap': True, 'class_weight': 'balanced', 'criterion': 'log_loss', 'max_features': None, 'n_estimators': 500, 'warm_start': False}",0.7078780908568143,0.7205290396779759,0.7814836112708453,0.807825086306099,0.7284234752589183,0.7492278606741305,0.03857542363044207,37
45,0.43477773666381836,0.01392184660185993,0.039534807205200195,0.0002880014724709172,True,balanced,log_loss,log2,200,False,"{'bootstrap': True, 'class_weight': 'balanced', 'criterion': 'log_loss', 'max_features': 'log2', 'n_estimators': 200, 'warm_start': False}",0.6578493387004025,0.730879815986199,0.7964347326049454,0.8164556962025317,0.7433831990794016,0.749000556514696,0.05562132213917959,41
44,0.43410120010375974,0.007693880669040293,0.04582056999206543,0.012869882856133386,True,balanced,log_loss,log2,200,True,"{'bootstrap': True, 'class_weight': 'balanced', 'criterion': 'log_loss', 'max_features': 'log2', 'n_estimators': 200, 'warm_start': True}",0.6578493387004025,0.730879815986199,0.7964347326049454,0.8164556962025317,0.7433831990794016,0.749000556514696,0.05562132213917959,41
21,0.43691554069519045,0.00991896221833197,0.0399965763092041,3.7406651797209144e-06,True,balanced,entropy,sqrt,200,False,"{'bootstrap': True, 'class_weight': 'balanced', 'criterion': 'entropy', 'max_features': 'sqrt', 'n_estimators': 200, 'warm_start': False}",0.6578493387004025,0.730879815986199,0.7964347326049454,0.8164556962025317,0.7433831990794016,0.749000556514696,0.05562132213917959,41
26,0.44246411323547363,0.009219328412661132,0.04190225601196289,0.004563018593272401,True,balanced,entropy,log2,200,True,"{'bootstrap': True, 'class_weight': 'balanced', 'criterion': 'entropy', 'max_features': 'log2', 'n_estimators': 200, 'warm_start': True}",0.6578493387004025,0.730879815986199,0.7964347326049454,0.8164556962025317,0.7433831990794016,0.749000556514696,0.05562132213917959,41
39,0.4348447322845459,0.0023996075539210737,0.03970942497253418,0.0003769742182677915,True,balanced,log_loss,sqrt,200,False,"{'bootstrap': True, 'class_weight': 'balanced', 'criterion': 'log_loss', 'max_features': 'sqrt', 'n_estimators': 200, 'warm_start': False}",0.6578493387004025,0.730879815986199,0.7964347326049454,0.8164556962025317,0.7433831990794016,0.749000556514696,0.05562132213917959,41
38,0.4383981704711914,0.005908192068035566,0.039621496200561525,0.00035136892615556604,True,balanced,log_loss,sqrt,200,True,"{'bootstrap': True, 'class_weight': 'balanced', 'criterion': 'log_loss', 'max_features': 'sqrt', 'n_estimators': 200, 'warm_start': True}",0.6578493387004025,0.730879815986199,0.7964347326049454,0.8164556962025317,0.7433831990794016,0.749000556514696,0.05562132213917959,41
20,0.43212690353393557,0.00289301670070494,0.03999619483947754,0.000630453930522236,True,balanced,entropy,sqrt,200,True,"{'bootstrap': True, 'class_weight': 'balanced', 'criterion': 'entropy', 'max_features': 'sqrt', 'n_estimators': 200, 'warm_start': True}",0.6578493387004025,0.730879815986199,0.7964347326049454,0.8164556962025317,0.7433831990794016,0.749000556514696,0.05562132213917959,41
27,0.4426107883453369,0.01189129868949376,0.04234414100646973,0.004698731003989367,True,balanced,entropy,log2,200,False,"{'bootstrap': True, 'class_weight': 'balanced', 'criterion': 'entropy', 'max_features': 'log2', 'n_estimators': 200, 'warm_start': False}",0.6578493387004025,0.730879815986199,0.7964347326049454,0.8164556962025317,0.7433831990794016,0.749000556514696,0.05562132213917959,41
30,0.5215944766998291,0.009243007592065809,0.029197168350219727,0.0004013008490817591,True,balanced,entropy,,100,True,"{'bootstrap': True, 'class_weight': 'balanced', 'criterion': 'entropy', 'max_features': None, 'n_estimators': 100, 'warm_start': True}",0.7073030477285797,0.7153536515238643,0.7797584818861415,0.8153049482163406,0.7272727272727273,0.7489985713255306,0.04167785342450856,49
48,0.5024431705474853,0.016028439754310096,0.02851114273071289,0.0004613799464707695,True,balanced,log_loss,,100,True,"{'bootstrap': True, 'class_weight': 'balanced', 'criterion': 'log_loss', 'max_features': None, 'n_estimators': 100, 'warm_start': True}",0.7073030477285797,0.7153536515238643,0.7797584818861415,0.8153049482163406,0.7272727272727273,0.7489985713255306,0.04167785342450856,49
49,0.4995296001434326,0.01067709679756131,0.028296279907226562,0.0005319493138223027,True,balanced,log_loss,,100,False,"{'bootstrap': True, 'class_weight': 'balanced', 'criterion': 'log_loss', 'max_features': None, 'n_estimators': 100, 'warm_start': False}",0.7073030477285797,0.7153536515238643,0.7797584818861415,0.8153049482163406,0.7272727272727273,0.7489985713255306,0.04167785342450856,49
31,0.5041091442108154,0.00763039277221877,0.028902292251586914,0.0001923047665305305,True,balanced,entropy,,100,False,"{'bootstrap': True, 'class_weight': 'balanced', 'criterion': 'entropy', 'max_features': None, 'n_estimators': 100, 'warm_start': False}",0.7073030477285797,0.7153536515238643,0.7797584818861415,0.8153049482163406,0.7272727272727273,0.7489985713255306,0.04167785342450856,49
32,0.9870983600616455,0.04934692620466203,0.04012207984924317,0.0005468937312371116,True,balanced,entropy,,200,True,"{'bootstrap': True, 'class_weight': 'balanced', 'criterion': 'entropy', 'max_features': None, 'n_estimators': 200, 'warm_start': True}",0.7084531339850488,0.7182288671650374,0.7797584818861415,0.810126582278481,0.7255466052934407,0.7484227341216299,0.039552116940460534,53
50,0.9517759323120117,0.009730072558558971,0.03952856063842773,0.00041432976924220483,True,balanced,log_loss,,200,True,"{'bootstrap': True, 'class_weight': 'balanced', 'criterion': 'log_loss', 'max_features': None, 'n_estimators': 200, 'warm_start': True}",0.7084531339850488,0.7182288671650374,0.7797584818861415,0.810126582278481,0.7255466052934407,0.7484227341216299,0.039552116940460534,53
33,0.9990625858306885,0.031240970927294182,0.03956475257873535,0.0004387357833219017,True,balanced,entropy,,200,False,"{'bootstrap': True, 'class_weight': 'balanced', 'criterion': 'entropy', 'max_features': None, 'n_estimators': 200, 'warm_start': False}",0.7084531339850488,0.7182288671650374,0.7797584818861415,0.810126582278481,0.7255466052934407,0.7484227341216299,0.039552116940460534,53
51,0.9433046817779541,0.006059408096119851,0.039855003356933594,0.0002830591884869218,True,balanced,log_loss,,200,False,"{'bootstrap': True, 'class_weight': 'balanced', 'criterion': 'log_loss', 'max_features': None, 'n_estimators': 200, 'warm_start': False}",0.7084531339850488,0.7182288671650374,0.7797584818861415,0.810126582278481,0.7255466052934407,0.7484227341216299,0.039552116940460534,53
91,0.30064845085144043,0.0084178377920407,0.028822660446166992,0.0003943293959570175,True,balanced_subsample,log_loss,sqrt,100,False,"{'bootstrap': True, 'class_weight': 'balanced_subsample', 'criterion': 'log_loss', 'max_features': 'sqrt', 'n_estimators': 100, 'warm_start': False}",0.6336975273145485,0.7400805060379528,0.8004600345025877,0.8170310701956272,0.7462600690448792,0.747505841419119,0.06426028931650227,57
90,0.30200676918029784,0.00632549360421163,0.028805017471313477,0.0002340687681184242,True,balanced_subsample,log_loss,sqrt,100,True,"{'bootstrap': True, 'class_weight': 'balanced_subsample', 'criterion': 'log_loss', 'max_features': 'sqrt', 'n_estimators': 100, 'warm_start': True}",0.6336975273145485,0.7400805060379528,0.8004600345025877,0.8170310701956272,0.7462600690448792,0.747505841419119,0.06426028931650227,57
79,0.3038331985473633,0.007712314253716469,0.02859206199645996,0.00048775927669491214,True,balanced_subsample,entropy,log2,100,False,"{'bootstrap': True, 'class_weight': 'balanced_subsample', 'criterion': 'entropy', 'max_features': 'log2', 'n_estimators': 100, 'warm_start': False}",0.6336975273145485,0.7400805060379528,0.8004600345025877,0.8170310701956272,0.7462600690448792,0.747505841419119,0.06426028931650227,57
78,0.3162411689758301,0.007826567681158787,0.02861056327819824,0.00035612654588536665,True,balanced_subsample,entropy,log2,100,True,"{'bootstrap': True, 'class_weight': 'balanced_subsample', 'criterion': 'entropy', 'max_features': 'log2', 'n_estimators': 100, 'warm_start': True}",0.6336975273145485,0.7400805060379528,0.8004600345025877,0.8170310701956272,0.7462600690448792,0.747505841419119,0.06426028931650227,57
73,0.3028247833251953,0.00697195845591071,0.028896331787109375,0.00019220092719067204,True,balanced_subsample,entropy,sqrt,100,False,"{'bootstrap': True, 'class_weight': 'balanced_subsample', 'criterion': 'entropy', 'max_features': 'sqrt', 'n_estimators': 100, 'warm_start': False}",0.6336975273145485,0.7400805060379528,0.8004600345025877,0.8170310701956272,0.7462600690448792,0.747505841419119,0.06426028931650227,57
72,0.30410232543945315,0.007891859979069882,0.028799152374267577,0.00023817114388140337,True,balanced_subsample,entropy,sqrt,100,True,"{'bootstrap': True, 'class_weight': 'balanced_subsample', 'criterion': 'entropy', 'max_features': 'sqrt', 'n_estimators': 100, 'warm_start': True}",0.6336975273145485,0.7400805060379528,0.8004600345025877,0.8170310701956272,0.7462600690448792,0.747505841419119,0.06426028931650227,57
96,0.31472368240356446,0.009908643181161315,0.028435993194580077,0.0004803065306459926,True,balanced_subsample,log_loss,log2,100,True,"{'bootstrap': True, 'class_weight': 'balanced_subsample', 'criterion': 'log_loss', 'max_features': 'log2', 'n_estimators': 100, 'warm_start': True}",0.6336975273145485,0.7400805060379528,0.8004600345025877,0.8170310701956272,0.7462600690448792,0.747505841419119,0.06426028931650227,57
97,0.31169710159301756,0.009874293718151694,0.028896188735961913,0.00019094090062190953,True,balanced_subsample,log_loss,log2,100,False,"{'bootstrap': True, 'class_weight': 'balanced_subsample', 'criterion': 'log_loss', 'max_features': 'log2', 'n_estimators': 100, 'warm_start': False}",0.6336975273145485,0.7400805060379528,0.8004600345025877,0.8170310701956272,0.7462600690448792,0.747505841419119,0.06426028931650227,57
93,0.5805891990661621,0.006250147304027798,0.039450216293334964,0.0004813394755856812,True,balanced_subsample,log_loss,sqrt,200,False,"{'bootstrap': True, 'class_weight': 'balanced_subsample', 'criterion': 'log_loss', 'max_features': 'sqrt', 'n_estimators': 200, 'warm_start': False}",0.6440483036227717,0.7337550316273721,0.7947096032202415,0.8118527042577676,0.7491369390103567,0.7467005163477018,0.05875487812797042,65
92,0.587888240814209,0.011145076522945507,0.03970322608947754,0.00024024315763535492,True,balanced_subsample,log_loss,sqrt,200,True,"{'bootstrap': True, 'class_weight': 'balanced_subsample', 'criterion': 'log_loss', 'max_features': 'sqrt', 'n_estimators': 200, 'warm_start': True}",0.6440483036227717,0.7337550316273721,0.7947096032202415,0.8118527042577676,0.7491369390103567,0.7467005163477018,0.05875487812797042,65
81,0.5821242332458496,0.011482193026340655,0.039270782470703126,0.0001988056777954071,True,balanced_subsample,entropy,log2,200,False,"{'bootstrap': True, 'class_weight': 'balanced_subsample', 'criterion': 'entropy', 'max_features': 'log2', 'n_estimators': 200, 'warm_start': False}",0.6440483036227717,0.7337550316273721,0.7947096032202415,0.8118527042577676,0.7491369390103567,0.7467005163477018,0.05875487812797042,65
80,0.5775437355041504,0.012320567097248002,0.039544105529785156,0.0003972485691662347,True,balanced_subsample,entropy,log2,200,True,"{'bootstrap': True, 'class_weight': 'balanced_subsample', 'criterion': 'entropy', 'max_features': 'log2', 'n_estimators': 200, 'warm_start': True}",0.6440483036227717,0.7337550316273721,0.7947096032202415,0.8118527042577676,0.7491369390103567,0.7467005163477018,0.05875487812797042,65
75,0.6011462211608887,0.019729695233299083,0.03985462188720703,0.0006540674434912297,True,balanced_subsample,entropy,sqrt,200,False,"{'bootstrap': True, 'class_weight': 'balanced_subsample', 'criterion': 'entropy', 'max_features': 'sqrt', 'n_estimators': 200, 'warm_start': False}",0.6440483036227717,0.7337550316273721,0.7947096032202415,0.8118527042577676,0.7491369390103567,0.7467005163477018,0.05875487812797042,65
74,0.579254150390625,0.009899553794906426,0.039512014389038085,0.0004335100872039482,True,balanced_subsample,entropy,sqrt,200,True,"{'bootstrap': True, 'class_weight': 'balanced_subsample', 'criterion': 'entropy', 'max_features': 'sqrt', 'n_estimators': 200, 'warm_start': True}",0.6440483036227717,0.7337550316273721,0.7947096032202415,0.8118527042577676,0.7491369390103567,0.7467005163477018,0.05875487812797042,65
99,0.5817037582397461,0.0038818682325867126,0.041810131072998045,0.0041254221243495395,True,balanced_subsample,log_loss,log2,200,False,"{'bootstrap': True, 'class_weight': 'balanced_subsample', 'criterion': 'log_loss', 'max_features': 'log2', 'n_estimators': 200, 'warm_start': False}",0.6440483036227717,0.7337550316273721,0.7947096032202415,0.8118527042577676,0.7491369390103567,0.7467005163477018,0.05875487812797042,65
98,0.612529993057251,0.0055251331708374455,0.039758920669555664,0.0006024835323881325,True,balanced_subsample,log_loss,log2,200,True,"{'bootstrap': True, 'class_weight': 'balanced_subsample', 'criterion': 'log_loss', 'max_features': 'log2', 'n_estimators': 200, 'warm_start': True}",0.6440483036227717,0.7337550316273721,0.7947096032202415,0.8118527042577676,0.7491369390103567,0.7467005163477018,0.05875487812797042,65
154,1.24794659614563,0.02284181329339484,0.08079395294189454,0.004821968807138017,False,balanced,log_loss,log2,500,True,"{'bootstrap': False, 'class_weight': 'balanced', 'criterion': 'log_loss', 'max_features': 'log2', 'n_estimators': 500, 'warm_start': True}",0.6520989074180563,0.7343300747556066,0.7889591719378953,0.8118527042577676,0.737054085155351,0.7448589887049353,0.05515286268812078,73
155,1.264720582962036,0.015389674462218676,0.08090090751647949,0.004456641775441494,False,balanced,log_loss,log2,500,False,"{'bootstrap': False, 'class_weight': 'balanced', 'criterion': 'log_loss', 'max_features': 'log2', 'n_estimators': 500, 'warm_start': False}",0.6520989074180563,0.7343300747556066,0.7889591719378953,0.8118527042577676,0.737054085155351,0.7448589887049353,0.05515286268812078,73
184,1.2738069534301757,0.015185155866460947,0.08128924369812011,0.004734008578209201,False,balanced_subsample,entropy,sqrt,500,True,"{'bootstrap': False, 'class_weight': 'balanced_subsample', 'criterion': 'entropy', 'max_features': 'sqrt', 'n_estimators': 500, 'warm_start': True}",0.6520989074180563,0.7343300747556066,0.7889591719378953,0.8118527042577676,0.737054085155351,0.7448589887049353,0.05515286268812078,73
191,1.2783548831939697,0.015393565793402663,0.07906808853149414,0.005355093467734403,False,balanced_subsample,entropy,log2,500,False,"{'bootstrap': False, 'class_weight': 'balanced_subsample', 'criterion': 'entropy', 'max_features': 'log2', 'n_estimators': 500, 'warm_start': False}",0.6520989074180563,0.7343300747556066,0.7889591719378953,0.8118527042577676,0.737054085155351,0.7448589887049353,0.05515286268812078,73
149,1.2688334465026856,0.014253774833901807,0.08344683647155762,0.012214694071671259,False,balanced,log_loss,sqrt,500,False,"{'bootstrap': False, 'class_weight': 'balanced', 'criterion': 'log_loss', 'max_features': 'sqrt', 'n_estimators': 500, 'warm_start': False}",0.6520989074180563,0.7343300747556066,0.7889591719378953,0.8118527042577676,0.737054085155351,0.7448589887049353,0.05515286268812078,73
148,1.2715906143188476,0.014496399060144603,0.07918372154235839,0.004854681940305532,False,balanced,log_loss,sqrt,500,True,"{'bootstrap': False, 'class_weight': 'balanced', 'criterion': 'log_loss', 'max_features': 'sqrt', 'n_estimators': 500, 'warm_start': True}",0.6520989074180563,0.7343300747556066,0.7889591719378953,0.8118527042577676,0.737054085155351,0.7448589887049353,0.05515286268812078,73
202,1.3041354656219482,0.010679807352209986,0.0855710506439209,0.012874422424423774,False,balanced_subsample,log_loss,sqrt,500,True,"{'bootstrap': False, 'class_weight': 'balanced_subsample', 'criterion': 'log_loss', 'max_features': 'sqrt', 'n_estimators': 500, 'warm_start': True}",0.6520989074180563,0.7343300747556066,0.7889591719378953,0.8118527042577676,0.737054085155351,0.7448589887049353,0.05515286268812078,73
209,1.2574317455291748,0.01603404295271812,0.08102989196777344,0.0043911476347237135,False,balanced_subsample,log_loss,log2,500,False,"{'bootstrap': False, 'class_weight': 'balanced_subsample', 'criterion': 'log_loss', 'max_features': 'log2', 'n_estimators': 500, 'warm_start': False}",0.6520989074180563,0.7343300747556066,0.7889591719378953,0.8118527042577676,0.737054085155351,0.7448589887049353,0.05515286268812078,73
136,1.311193037033081,0.031239508587707673,0.09006552696228028,0.008598846831180637,False,balanced,entropy,log2,500,True,"{'bootstrap': False, 'class_weight': 'balanced', 'criterion': 'entropy', 'max_features': 'log2', 'n_estimators': 500, 'warm_start': True}",0.6520989074180563,0.7343300747556066,0.7889591719378953,0.8118527042577676,0.737054085155351,0.7448589887049353,0.05515286268812078,73
208,1.2503246307373046,0.02337365611134826,0.08799920082092286,0.005145653842573228,False,balanced_subsample,log_loss,log2,500,True,"{'bootstrap': False, 'class_weight': 'balanced_subsample', 'criterion': 'log_loss', 'max_features': 'log2', 'n_estimators': 500, 'warm_start': True}",0.6520989074180563,0.7343300747556066,0.7889591719378953,0.8118527042577676,0.737054085155351,0.7448589887049353,0.05515286268812078,73
203,1.280170488357544,0.014920065723881644,0.08115358352661133,0.0041916430953185865,False,balanced_subsample,log_loss,sqrt,500,False,"{'bootstrap': False, 'class_weight': 'balanced_subsample', 'criterion': 'log_loss', 'max_features': 'sqrt', 'n_estimators': 500, 'warm_start': False}",0.6520989074180563,0.7343300747556066,0.7889591719378953,0.8118527042577676,0.737054085155351,0.7448589887049353,0.05515286268812078,73
131,1.3080281257629394,0.026537664926234945,0.08368115425109864,0.010111614547383426,False,balanced,entropy,sqrt,500,False,"{'bootstrap': False, 'class_weight': 'balanced', 'criterion': 'entropy', 'max_features': 'sqrt', 'n_estimators': 500, 'warm_start': False}",0.6520989074180563,0.7343300747556066,0.7889591719378953,0.8118527042577676,0.737054085155351,0.7448589887049353,0.05515286268812078,73
130,1.273115348815918,0.02353185278750312,0.08106484413146972,0.007947824800885031,False,balanced,entropy,sqrt,500,True,"{'bootstrap': False, 'class_weight': 'balanced', 'criterion': 'entropy', 'max_features': 'sqrt', 'n_estimators': 500, 'warm_start': True}",0.6520989074180563,0.7343300747556066,0.7889591719378953,0.8118527042577676,0.737054085155351,0.7448589887049353,0.05515286268812078,73
190,1.2655821800231934,0.01970864909760363,0.08367586135864258,0.0070109625036677715,False,balanced_subsample,entropy,log2,500,True,"{'bootstrap': False, 'class_weight': 'balanced_subsample', 'criterion': 'entropy', 'max_features': 'log2', 'n_estimators': 500, 'warm_start': True}",0.6520989074180563,0.7343300747556066,0.7889591719378953,0.8118527042577676,0.737054085155351,0.7448589887049353,0.05515286268812078,73
185,1.253209114074707,0.021510320931889967,0.07884292602539063,0.005282740639782842,False,balanced_subsample,entropy,sqrt,500,False,"{'bootstrap': False, 'class_weight': 'balanced_subsample', 'criterion': 'entropy', 'max_features': 'sqrt', 'n_estimators': 500, 'warm_start': False}",0.6520989074180563,0.7343300747556066,0.7889591719378953,0.8118527042577676,0.737054085155351,0.7448589887049353,0.05515286268812078,73
137,1.2919612407684327,0.026589089281784727,0.08340439796447754,0.009612565423542184,False,balanced,entropy,log2,500,False,"{'bootstrap': False, 'class_weight': 'balanced', 'criterion': 'entropy', 'max_features': 'log2', 'n_estimators': 500, 'warm_start': False}",0.6520989074180563,0.7343300747556066,0.7889591719378953,0.8118527042577676,0.737054085155351,0.7448589887049353,0.05515286268812078,73
152,0.5283387660980224,0.01218654456997318,0.039319324493408206,0.00021791136758049785,False,balanced,log_loss,log2,200,True,"{'bootstrap': False, 'class_weight': 'balanced', 'criterion': 'log_loss', 'max_features': 'log2', 'n_estimators': 200, 'warm_start': True}",0.633122484186314,0.7314548591144335,0.7855089131684876,0.80897583429229,0.7387802071346375,0.7395684595792326,0.06053941934362087,89
147,0.5109704971313477,0.014499658701827088,0.04632954597473145,0.01309031207273515,False,balanced,log_loss,sqrt,200,False,"{'bootstrap': False, 'class_weight': 'balanced', 'criterion': 'log_loss', 'max_features': 'sqrt', 'n_estimators': 200, 'warm_start': False}",0.633122484186314,0.7314548591144335,0.7855089131684876,0.80897583429229,0.7387802071346375,0.7395684595792326,0.06053941934362087,89
146,0.5179707050323487,0.01719508429905454,0.03958263397216797,0.00021396478710857726,False,balanced,log_loss,sqrt,200,True,"{'bootstrap': False, 'class_weight': 'balanced', 'criterion': 'log_loss', 'max_features': 'sqrt', 'n_estimators': 200, 'warm_start': True}",0.633122484186314,0.7314548591144335,0.7855089131684876,0.80897583429229,0.7387802071346375,0.7395684595792326,0.06053941934362087,89
128,0.5295053958892822,0.018397900534510375,0.03980684280395508,0.000281933089878165,False,balanced,entropy,sqrt,200,True,"{'bootstrap': False, 'class_weight': 'balanced', 'criterion': 'entropy', 'max_features': 'sqrt', 'n_estimators': 200, 'warm_start': True}",0.633122484186314,0.7314548591144335,0.7855089131684876,0.80897583429229,0.7387802071346375,0.7395684595792326,0.06053941934362087,89
129,0.5135456562042237,0.007523622134259288,0.039864730834960935,0.00018821895194160332,False,balanced,entropy,sqrt,200,False,"{'bootstrap': False, 'class_weight': 'balanced', 'criterion': 'entropy', 'max_features': 'sqrt', 'n_estimators': 200, 'warm_start': False}",0.633122484186314,0.7314548591144335,0.7855089131684876,0.80897583429229,0.7387802071346375,0.7395684595792326,0.06053941934362087,89
183,0.5240408897399902,0.024010434504766837,0.03974905014038086,0.0003720786836317914,False,balanced_subsample,entropy,sqrt,200,False,"{'bootstrap': False, 'class_weight': 'balanced_subsample', 'criterion': 'entropy', 'max_features': 'sqrt', 'n_estimators': 200, 'warm_start': False}",0.633122484186314,0.7314548591144335,0.7855089131684876,0.80897583429229,0.7387802071346375,0.7395684595792326,0.06053941934362087,89
182,0.5163637638092041,0.016540074511057584,0.039822053909301755,0.00022963362647713338,False,balanced_subsample,entropy,sqrt,200,True,"{'bootstrap': False, 'class_weight': 'balanced_subsample', 'criterion': 'entropy', 'max_features': 'sqrt', 'n_estimators': 200, 'warm_start': True}",0.633122484186314,0.7314548591144335,0.7855089131684876,0.80897583429229,0.7387802071346375,0.7395684595792326,0.06053941934362087,89
153,0.512662935256958,0.014067945543183387,0.03950819969177246,0.000519478852739243,False,balanced,log_loss,log2,200,False,"{'bootstrap': False, 'class_weight': 'balanced', 'criterion': 'log_loss', 'max_features': 'log2', 'n_estimators': 200, 'warm_start': False}",0.633122484186314,0.7314548591144335,0.7855089131684876,0.80897583429229,0.7387802071346375,0.7395684595792326,0.06053941934362087,89
189,0.5131912708282471,0.016689394620493955,0.03990693092346191,0.00020234501514778026,False,balanced_subsample,entropy,log2,200,False,"{'bootstrap': False, 'class_weight': 'balanced_subsample', 'criterion': 'entropy', 'max_features': 'log2', 'n_estimators': 200, 'warm_start': False}",0.633122484186314,0.7314548591144335,0.7855089131684876,0.80897583429229,0.7387802071346375,0.7395684595792326,0.06053941934362087,89
135,0.5481841087341308,0.005589193760962789,0.042659330368041995,0.005719244669458073,False,balanced,entropy,log2,200,False,"{'bootstrap': False, 'class_weight': 'balanced', 'criterion': 'entropy', 'max_features': 'log2', 'n_estimators': 200, 'warm_start': False}",0.633122484186314,0.7314548591144335,0.7855089131684876,0.80897583429229,0.7387802071346375,0.7395684595792326,0.06053941934362087,89
188,0.5202723026275635,0.011651599370698066,0.039300537109375,0.0003191889168819758,False,balanced_subsample,entropy,log2,200,True,"{'bootstrap': False, 'class_weight': 'balanced_subsample', 'criterion': 'entropy', 'max_features': 'log2', 'n_estimators': 200, 'warm_start': True}",0.633122484186314,0.7314548591144335,0.7855089131684876,0.80897583429229,0.7387802071346375,0.7395684595792326,0.06053941934362087,89
134,0.5335104942321778,0.013648990227597304,0.03990569114685059,0.0006703351873225957,False,balanced,entropy,log2,200,True,"{'bootstrap': False, 'class_weight': 'balanced', 'criterion': 'entropy', 'max_features': 'log2', 'n_estimators': 200, 'warm_start': True}",0.633122484186314,0.7314548591144335,0.7855089131684876,0.80897583429229,0.7387802071346375,0.7395684595792326,0.06053941934362087,89
201,0.5420499801635742,0.013206198543867939,0.039811134338378906,0.00022923903606571279,False,balanced_subsample,log_loss,sqrt,200,False,"{'bootstrap': False, 'class_weight': 'balanced_subsample', 'criterion': 'log_loss', 'max_features': 'sqrt', 'n_estimators': 200, 'warm_start': False}",0.633122484186314,0.7314548591144335,0.7855089131684876,0.80897583429229,0.7387802071346375,0.7395684595792326,0.06053941934362087,89
200,0.5180300235748291,0.011908824166605561,0.03983149528503418,0.0002759283469715779,False,balanced_subsample,log_loss,sqrt,200,True,"{'bootstrap': False, 'class_weight': 'balanced_subsample', 'criterion': 'log_loss', 'max_features': 'sqrt', 'n_estimators': 200, 'warm_start': True}",0.633122484186314,0.7314548591144335,0.7855089131684876,0.80897583429229,0.7387802071346375,0.7395684595792326,0.06053941934362087,89
206,0.5268666744232178,0.012183788076759435,0.039429426193237305,0.0005883366539124367,False,balanced_subsample,log_loss,log2,200,True,"{'bootstrap': False, 'class_weight': 'balanced_subsample', 'criterion': 'log_loss', 'max_features': 'log2', 'n_estimators': 200, 'warm_start': True}",0.633122484186314,0.7314548591144335,0.7855089131684876,0.80897583429229,0.7387802071346375,0.7395684595792326,0.06053941934362087,89
207,0.5147192001342773,0.01561054682834744,0.039453744888305664,0.0004800309748367931,False,balanced_subsample,log_loss,log2,200,False,"{'bootstrap': False, 'class_weight': 'balanced_subsample', 'criterion': 'log_loss', 'max_features': 'log2', 'n_estimators': 200, 'warm_start': False}",0.633122484186314,0.7314548591144335,0.7855089131684876,0.80897583429229,0.7387802071346375,0.7395684595792326,0.06053941934362087,89
57,0.5389003753662109,0.007411381033881751,0.039416170120239256,0.00035096013666474066,True,balanced_subsample,gini,sqrt,200,False,"{'bootstrap': True, 'class_weight': 'balanced_subsample', 'criterion': 'gini', 'max_features': 'sqrt', 'n_estimators': 200, 'warm_start': False}",0.5963197239792984,0.7366302472685451,0.7964347326049454,0.8170310701956272,0.7364787111622555,0.7365788970421343,0.0771076150822585,105
56,0.5320456027984619,0.014992517671792263,0.039218568801879884,0.0004895142451280511,True,balanced_subsample,gini,sqrt,200,True,"{'bootstrap': True, 'class_weight': 'balanced_subsample', 'criterion': 'gini', 'max_features': 'sqrt', 'n_estimators': 200, 'warm_start': True}",0.5963197239792984,0.7366302472685451,0.7964347326049454,0.8170310701956272,0.7364787111622555,0.7365788970421343,0.0771076150822585,105
62,0.5274657726287841,0.005357023044783149,0.03934564590454102,0.0005176131728205542,True,balanced_subsample,gini,log2,200,True,"{'bootstrap': True, 'class_weight': 'balanced_subsample', 'criterion': 'gini', 'max_features': 'log2', 'n_estimators': 200, 'warm_start': True}",0.5963197239792984,0.7366302472685451,0.7964347326049454,0.8170310701956272,0.7364787111622555,0.7365788970421343,0.0771076150822585,105
63,0.5252195835113526,0.00838279984862555,0.03945345878601074,9.85731401216413e-05,True,balanced_subsample,gini,log2,200,False,"{'bootstrap': True, 'class_weight': 'balanced_subsample', 'criterion': 'gini', 'max_features': 'log2', 'n_estimators': 200, 'warm_start': False}",0.5963197239792984,0.7366302472685451,0.7964347326049454,0.8170310701956272,0.7364787111622555,0.7365788970421343,0.0771076150822585,105
4,0.9616762161254883,0.01762749379267501,0.07241353988647461,0.00033079856057068014,True,balanced,gini,sqrt,500,True,"{'bootstrap': True, 'class_weight': 'balanced', 'criterion': 'gini', 'max_features': 'sqrt', 'n_estimators': 500, 'warm_start': True}",0.5859689476710753,0.7354801610120759,0.7981598619896493,0.8181818181818182,0.7387802071346375,0.7353141991978512,0.08140351898505362,109
10,0.968558931350708,0.01013935559498086,0.07521533966064453,0.004435718473702313,True,balanced,gini,log2,500,True,"{'bootstrap': True, 'class_weight': 'balanced', 'criterion': 'gini', 'max_features': 'log2', 'n_estimators': 500, 'warm_start': True}",0.5859689476710753,0.7354801610120759,0.7981598619896493,0.8181818181818182,0.7387802071346375,0.7353141991978512,0.08140351898505362,109
5,0.9622188568115234,0.014152802176927135,0.07472577095031738,0.004388133991880549,True,balanced,gini,sqrt,500,False,"{'bootstrap': True, 'class_weight': 'balanced', 'criterion': 'gini', 'max_features': 'sqrt', 'n_estimators': 500, 'warm_start': False}",0.5859689476710753,0.7354801610120759,0.7981598619896493,0.8181818181818182,0.7387802071346375,0.7353141991978512,0.08140351898505362,109
11,0.9449450969696045,0.005603304094737391,0.07467598915100097,0.004848376830785872,True,balanced,gini,log2,500,False,"{'bootstrap': True, 'class_weight': 'balanced', 'criterion': 'gini', 'max_features': 'log2', 'n_estimators': 500, 'warm_start': False}",0.5859689476710753,0.7354801610120759,0.7981598619896493,0.8181818181818182,0.7387802071346375,0.7353141991978512,0.08140351898505362,109
61,0.2723414897918701,0.009377899076158925,0.028598928451538087,0.000488539823783758,True,balanced_subsample,gini,log2,100,False,"{'bootstrap': True, 'class_weight': 'balanced_subsample', 'criterion': 'gini', 'max_features': 'log2', 'n_estimators': 100, 'warm_start': False}",0.5836687751581369,0.738355376653249,0.7987349051178838,0.8216340621403913,0.7341772151898734,0.7353140668519068,0.08304237569200554,113
55,0.2701146602630615,0.0014592951705767487,0.02627882957458496,0.004185276414347668,True,balanced_subsample,gini,sqrt,100,False,"{'bootstrap': True, 'class_weight': 'balanced_subsample', 'criterion': 'gini', 'max_features': 'sqrt', 'n_estimators': 100, 'warm_start': False}",0.5836687751581369,0.738355376653249,0.7987349051178838,0.8216340621403913,0.7341772151898734,0.7353140668519068,0.08304237569200554,113
54,0.275897216796875,0.004362314833914693,0.02860856056213379,0.0003688456706572332,True,balanced_subsample,gini,sqrt,100,True,"{'bootstrap': True, 'class_weight': 'balanced_subsample', 'criterion': 'gini', 'max_features': 'sqrt', 'n_estimators': 100, 'warm_start': True}",0.5836687751581369,0.738355376653249,0.7987349051178838,0.8216340621403913,0.7341772151898734,0.7353140668519068,0.08304237569200554,113
60,0.27527360916137694,0.002303843619617672,0.028213977813720703,0.0004917990358032875,True,balanced_subsample,gini,log2,100,True,"{'bootstrap': True, 'class_weight': 'balanced_subsample', 'criterion': 'gini', 'max_features': 'log2', 'n_estimators': 100, 'warm_start': True}",0.5836687751581369,0.738355376653249,0.7987349051178838,0.8216340621403913,0.7341772151898734,0.7353140668519068,0.08304237569200554,113
133,0.27306113243103025,0.006694891025169994,0.029201030731201172,0.00040746791227705176,False,balanced,entropy,log2,100,False,"{'bootstrap': False, 'class_weight': 'balanced', 'criterion': 'entropy', 'max_features': 'log2', 'n_estimators': 100, 'warm_start': False}",0.6020701552616446,0.7314548591144335,0.7860839562967222,0.810126582278481,0.742807825086306,0.7345086756075174,0.07210581215979428,117
132,0.27661890983581544,0.004068132973230194,0.028231477737426756,0.00035722441485981724,False,balanced,entropy,log2,100,True,"{'bootstrap': False, 'class_weight': 'balanced', 'criterion': 'entropy', 'max_features': 'log2', 'n_estimators': 100, 'warm_start': True}",0.6020701552616446,0.7314548591144335,0.7860839562967222,0.810126582278481,0.742807825086306,0.7345086756075174,0.07210581215979428,117
127,0.2735145092010498,0.006351945488116552,0.028898239135742188,0.00019649336300747898,False,balanced,entropy,sqrt,100,False,"{'bootstrap': False, 'class_weight': 'balanced', 'criterion': 'entropy', 'max_features': 'sqrt', 'n_estimators': 100, 'warm_start': False}",0.6020701552616446,0.7314548591144335,0.7860839562967222,0.810126582278481,0.742807825086306,0.7345086756075174,0.07210581215979428,117
205,0.2772404193878174,0.008931221122399979,0.028994655609130858,1.5495373543998643e-06,False,balanced_subsample,log_loss,log2,100,False,"{'bootstrap': False, 'class_weight': 'balanced_subsample', 'criterion': 'log_loss', 'max_features': 'log2', 'n_estimators': 100, 'warm_start': False}",0.6020701552616446,0.7314548591144335,0.7860839562967222,0.810126582278481,0.742807825086306,0.7345086756075174,0.07210581215979428,117
126,0.27756052017211913,0.009544873133241696,0.028725624084472656,0.0005050365334646828,False,balanced,entropy,sqrt,100,True,"{'bootstrap': False, 'class_weight': 'balanced', 'criterion': 'entropy', 'max_features': 'sqrt', 'n_estimators': 100, 'warm_start': True}",0.6020701552616446,0.7314548591144335,0.7860839562967222,0.810126582278481,0.742807825086306,0.7345086756075174,0.07210581215979428,117
204,0.2782301902770996,0.00752022097370682,0.028711700439453126,0.00038106570902649256,False,balanced_subsample,log_loss,log2,100,True,"{'bootstrap': False, 'class_weight': 'balanced_subsample', 'criterion': 'log_loss', 'max_features': 'log2', 'n_estimators': 100, 'warm_start': True}",0.6020701552616446,0.7314548591144335,0.7860839562967222,0.810126582278481,0.742807825086306,0.7345086756075174,0.07210581215979428,117
144,0.2768682956695557,0.008364642119471759,0.028899621963500977,0.00019525386444231867,False,balanced,log_loss,sqrt,100,True,"{'bootstrap': False, 'class_weight': 'balanced', 'criterion': 'log_loss', 'max_features': 'sqrt', 'n_estimators': 100, 'warm_start': True}",0.6020701552616446,0.7314548591144335,0.7860839562967222,0.810126582278481,0.742807825086306,0.7345086756075174,0.07210581215979428,117
187,0.2693828582763672,0.003981045664586174,0.02883319854736328,0.0002655426631442238,False,balanced_subsample,entropy,log2,100,False,"{'bootstrap': False, 'class_weight': 'balanced_subsample', 'criterion': 'entropy', 'max_features': 'log2', 'n_estimators': 100, 'warm_start': False}",0.6020701552616446,0.7314548591144335,0.7860839562967222,0.810126582278481,0.742807825086306,0.7345086756075174,0.07210581215979428,117
150,0.26755685806274415,0.0036640072116996426,0.028708839416503908,0.00023569051179559545,False,balanced,log_loss,log2,100,True,"{'bootstrap': False, 'class_weight': 'balanced', 'criterion': 'log_loss', 'max_features': 'log2', 'n_estimators': 100, 'warm_start': True}",0.6020701552616446,0.7314548591144335,0.7860839562967222,0.810126582278481,0.742807825086306,0.7345086756075174,0.07210581215979428,117
186,0.274714994430542,0.0059304215385277735,0.028767728805541994,0.0002327163973131171,False,balanced_subsample,entropy,log2,100,True,"{'bootstrap': False, 'class_weight': 'balanced_subsample', 'criterion': 'entropy', 'max_features': 'log2', 'n_estimators': 100, 'warm_start': True}",0.6020701552616446,0.7314548591144335,0.7860839562967222,0.810126582278481,0.742807825086306,0.7345086756075174,0.07210581215979428,117
199,0.28188676834106446,0.0017312467240960536,0.02891225814819336,0.0005746338735586683,False,balanced_subsample,log_loss,sqrt,100,False,"{'bootstrap': False, 'class_weight': 'balanced_subsample', 'criterion': 'log_loss', 'max_features': 'sqrt', 'n_estimators': 100, 'warm_start': False}",0.6020701552616446,0.7314548591144335,0.7860839562967222,0.810126582278481,0.742807825086306,0.7345086756075174,0.07210581215979428,117
198,0.2904627323150635,0.009253198609251683,0.029009485244750978,0.000302514850873393,False,balanced_subsample,log_loss,sqrt,100,True,"{'bootstrap': False, 'class_weight': 'balanced_subsample', 'criterion': 'log_loss', 'max_features': 'sqrt', 'n_estimators': 100, 'warm_start': True}",0.6020701552616446,0.7314548591144335,0.7860839562967222,0.810126582278481,0.742807825086306,0.7345086756075174,0.07210581215979428,117
180,0.2783632278442383,0.006279895470173997,0.028767871856689452,0.0004487285799711464,False,balanced_subsample,entropy,sqrt,100,True,"{'bootstrap': False, 'class_weight': 'balanced_subsample', 'criterion': 'entropy', 'max_features': 'sqrt', 'n_estimators': 100, 'warm_start': True}",0.6020701552616446,0.7314548591144335,0.7860839562967222,0.810126582278481,0.742807825086306,0.7345086756075174,0.07210581215979428,117
181,0.27025656700134276,0.007973743125464401,0.028822708129882812,0.0003769735186079859,False,balanced_subsample,entropy,sqrt,100,False,"{'bootstrap': False, 'class_weight': 'balanced_subsample', 'criterion': 'entropy', 'max_features': 'sqrt', 'n_estimators': 100, 'warm_start': False}",0.6020701552616446,0.7314548591144335,0.7860839562967222,0.810126582278481,0.742807825086306,0.7345086756075174,0.07210581215979428,117
145,0.27735114097595215,0.007393958671205004,0.02852349281311035,0.0004207955242150986,False,balanced,log_loss,sqrt,100,False,"{'bootstrap': False, 'class_weight': 'balanced', 'criterion': 'log_loss', 'max_features': 'sqrt', 'n_estimators': 100, 'warm_start': False}",0.6020701552616446,0.7314548591144335,0.7860839562967222,0.810126582278481,0.742807825086306,0.7345086756075174,0.07210581215979428,117
151,0.2785759925842285,0.003795489374733184,0.028307199478149414,0.00039237211323991564,False,balanced,log_loss,log2,100,False,"{'bootstrap': False, 'class_weight': 'balanced', 'criterion': 'log_loss', 'max_features': 'log2', 'n_estimators': 100, 'warm_start': False}",0.6020701552616446,0.7314548591144335,0.7860839562967222,0.810126582278481,0.742807825086306,0.7345086756075174,0.07210581215979428,117
58,1.3100835800170898,0.029133283965453942,0.07208371162414551,0.000657378176156536,True,balanced_subsample,gini,sqrt,500,True,"{'bootstrap': True, 'class_weight': 'balanced_subsample', 'criterion': 'gini', 'max_features': 'sqrt', 'n_estimators': 500, 'warm_start': True}",0.5802185163887291,0.7326049453709028,0.7981598619896493,0.8181818181818182,0.7353279631760644,0.7328986210214328,0.08348587376311531,133
59,1.2877551555633544,0.018641050911236738,0.07212338447570801,0.0004692660950634105,True,balanced_subsample,gini,sqrt,500,False,"{'bootstrap': True, 'class_weight': 'balanced_subsample', 'criterion': 'gini', 'max_features': 'sqrt', 'n_estimators': 500, 'warm_start': False}",0.5802185163887291,0.7326049453709028,0.7981598619896493,0.8181818181818182,0.7353279631760644,0.7328986210214328,0.08348587376311531,133
64,1.309479284286499,0.01719837893500252,0.07474284172058106,0.004146167512716272,True,balanced_subsample,gini,log2,500,True,"{'bootstrap': True, 'class_weight': 'balanced_subsample', 'criterion': 'gini', 'max_features': 'log2', 'n_estimators': 500, 'warm_start': True}",0.5802185163887291,0.7326049453709028,0.7981598619896493,0.8181818181818182,0.7353279631760644,0.7328986210214328,0.08348587376311531,133
65,1.3014703273773194,0.012064404432463606,0.07228560447692871,0.00024570541969526095,True,balanced_subsample,gini,log2,500,False,"{'bootstrap': True, 'class_weight': 'balanced_subsample', 'criterion': 'gini', 'max_features': 'log2', 'n_estimators': 500, 'warm_start': False}",0.5802185163887291,0.7326049453709028,0.7981598619896493,0.8181818181818182,0.7353279631760644,0.7328986210214328,0.08348587376311531,133
0,0.21287813186645507,0.016006693661180623,0.02891063690185547,0.00030374070348256657,True,balanced,gini,sqrt,100,True,"{'bootstrap': True, 'class_weight': 'balanced', 'criterion': 'gini', 'max_features': 'sqrt', 'n_estimators': 100, 'warm_start': True}",0.5526164462334675,0.7406555491661875,0.7947096032202415,0.8199079401611047,0.7410817031070196,0.7297942483776041,0.09377827979112517,137
7,0.20937695503234863,0.005947381008431847,0.02892894744873047,0.00019565816880840918,True,balanced,gini,log2,100,False,"{'bootstrap': True, 'class_weight': 'balanced', 'criterion': 'gini', 'max_features': 'log2', 'n_estimators': 100, 'warm_start': False}",0.5526164462334675,0.7406555491661875,0.7947096032202415,0.8199079401611047,0.7410817031070196,0.7297942483776041,0.09377827979112517,137
6,0.21174168586730957,0.0028275139466591753,0.02976813316345215,0.001737958054055594,True,balanced,gini,log2,100,True,"{'bootstrap': True, 'class_weight': 'balanced', 'criterion': 'gini', 'max_features': 'log2', 'n_estimators': 100, 'warm_start': True}",0.5526164462334675,0.7406555491661875,0.7947096032202415,0.8199079401611047,0.7410817031070196,0.7297942483776041,0.09377827979112517,137
1,0.21612129211425782,0.006242596581440082,0.028534317016601564,0.00046023754866506727,True,balanced,gini,sqrt,100,False,"{'bootstrap': True, 'class_weight': 'balanced', 'criterion': 'gini', 'max_features': 'sqrt', 'n_estimators': 100, 'warm_start': False}",0.5526164462334675,0.7406555491661875,0.7947096032202415,0.8199079401611047,0.7410817031070196,0.7297942483776041,0.09377827979112517,137
9,0.4027265071868896,0.008285354988030626,0.040300750732421876,0.0004998548308984183,True,balanced,gini,log2,200,False,"{'bootstrap': True, 'class_weight': 'balanced', 'criterion': 'gini', 'max_features': 'log2', 'n_estimators': 200, 'warm_start': False}",0.5629672225416906,0.730879815986199,0.7958596894767107,0.8158803222094362,0.7410817031070196,0.7293337506642111,0.08914509068393721,141
8,0.3987189769744873,0.003008583966076381,0.03969740867614746,0.00039958219817345545,True,balanced,gini,log2,200,True,"{'bootstrap': True, 'class_weight': 'balanced', 'criterion': 'gini', 'max_features': 'log2', 'n_estimators': 200, 'warm_start': True}",0.5629672225416906,0.730879815986199,0.7958596894767107,0.8158803222094362,0.7410817031070196,0.7293337506642111,0.08914509068393721,141
3,0.40627322196960447,0.008686342919479397,0.03934154510498047,0.00034004897654607916,True,balanced,gini,sqrt,200,False,"{'bootstrap': True, 'class_weight': 'balanced', 'criterion': 'gini', 'max_features': 'sqrt', 'n_estimators': 200, 'warm_start': False}",0.5629672225416906,0.730879815986199,0.7958596894767107,0.8158803222094362,0.7410817031070196,0.7293337506642111,0.08914509068393721,141
2,0.4067539691925049,0.012099516093566787,0.03990106582641602,0.0001952422772954619,True,balanced,gini,sqrt,200,True,"{'bootstrap': True, 'class_weight': 'balanced', 'criterion': 'gini', 'max_features': 'sqrt', 'n_estimators': 200, 'warm_start': True}",0.5629672225416906,0.730879815986199,0.7958596894767107,0.8158803222094362,0.7410817031070196,0.7293337506642111,0.08914509068393721,141
113,1.1093738555908204,0.018790114003767858,0.07848057746887208,0.005295628788869676,False,balanced,gini,sqrt,500,False,"{'bootstrap': False, 'class_weight': 'balanced', 'criterion': 'gini', 'max_features': 'sqrt', 'n_estimators': 500, 'warm_start': False}",0.5514663599769982,0.7285796434732605,0.7918343875790684,0.8176064441887226,0.7313003452243959,0.7241574360884891,0.09295770190317554,145
166,1.1214959621429443,0.015258538890069296,0.08117175102233887,0.007827714884250981,False,balanced_subsample,gini,sqrt,500,True,"{'bootstrap': False, 'class_weight': 'balanced_subsample', 'criterion': 'gini', 'max_features': 'sqrt', 'n_estimators': 500, 'warm_start': True}",0.5514663599769982,0.7285796434732605,0.7918343875790684,0.8176064441887226,0.7313003452243959,0.7241574360884891,0.09295770190317554,145
167,1.1107511520385742,0.016115934358304527,0.07916693687438965,0.005183016033426882,False,balanced_subsample,gini,sqrt,500,False,"{'bootstrap': False, 'class_weight': 'balanced_subsample', 'criterion': 'gini', 'max_features': 'sqrt', 'n_estimators': 500, 'warm_start': False}",0.5514663599769982,0.7285796434732605,0.7918343875790684,0.8176064441887226,0.7313003452243959,0.7241574360884891,0.09295770190317554,145
118,1.1361278533935546,0.024257974166213555,0.0814239501953125,0.004230993047388178,False,balanced,gini,log2,500,True,"{'bootstrap': False, 'class_weight': 'balanced', 'criterion': 'gini', 'max_features': 'log2', 'n_estimators': 500, 'warm_start': True}",0.5514663599769982,0.7285796434732605,0.7918343875790684,0.8176064441887226,0.7313003452243959,0.7241574360884891,0.09295770190317554,145
173,1.102165651321411,0.015730168421578233,0.08066515922546387,0.004449118778539148,False,balanced_subsample,gini,log2,500,False,"{'bootstrap': False, 'class_weight': 'balanced_subsample', 'criterion': 'gini', 'max_features': 'log2', 'n_estimators': 500, 'warm_start': False}",0.5514663599769982,0.7285796434732605,0.7918343875790684,0.8176064441887226,0.7313003452243959,0.7241574360884891,0.09295770190317554,145
172,1.0990500450134277,0.01340847203218696,0.07945399284362793,0.005445487134715458,False,balanced_subsample,gini,log2,500,True,"{'bootstrap': False, 'class_weight': 'balanced_subsample', 'criterion': 'gini', 'max_features': 'log2', 'n_estimators': 500, 'warm_start': True}",0.5514663599769982,0.7285796434732605,0.7918343875790684,0.8176064441887226,0.7313003452243959,0.7241574360884891,0.09295770190317554,145
112,1.1473182678222655,0.016691143274481887,0.08509936332702636,0.007735366708745165,False,balanced,gini,sqrt,500,True,"{'bootstrap': False, 'class_weight': 'balanced', 'criterion': 'gini', 'max_features': 'sqrt', 'n_estimators': 500, 'warm_start': True}",0.5514663599769982,0.7285796434732605,0.7918343875790684,0.8176064441887226,0.7313003452243959,0.7241574360884891,0.09295770190317554,145
119,1.1238228321075439,0.018253968603722002,0.07915515899658203,0.005416557325227588,False,balanced,gini,log2,500,False,"{'bootstrap': False, 'class_weight': 'balanced', 'criterion': 'gini', 'max_features': 'log2', 'n_estimators': 500, 'warm_start': False}",0.5514663599769982,0.7285796434732605,0.7918343875790684,0.8176064441887226,0.7313003452243959,0.7241574360884891,0.09295770190317554,145
171,0.4485766410827637,0.014290912846570226,0.046320199966430664,0.012636201985365353,False,balanced_subsample,gini,log2,200,False,"{'bootstrap': False, 'class_weight': 'balanced_subsample', 'criterion': 'gini', 'max_features': 'log2', 'n_estimators': 200, 'warm_start': False}",0.550316273720529,0.7257044278320874,0.7889591719378953,0.8158803222094362,0.733601841196778,0.7228924073793452,0.0926463070219481,153
111,0.47100296020507815,0.008601610738754546,0.03985748291015625,0.00028470032036141804,False,balanced,gini,sqrt,200,False,"{'bootstrap': False, 'class_weight': 'balanced', 'criterion': 'gini', 'max_features': 'sqrt', 'n_estimators': 200, 'warm_start': False}",0.550316273720529,0.7257044278320874,0.7889591719378953,0.8158803222094362,0.733601841196778,0.7228924073793452,0.0926463070219481,153
165,0.45645833015441895,0.009811733869494048,0.0395050048828125,0.000428482192979082,False,balanced_subsample,gini,sqrt,200,False,"{'bootstrap': False, 'class_weight': 'balanced_subsample', 'criterion': 'gini', 'max_features': 'sqrt', 'n_estimators': 200, 'warm_start': False}",0.550316273720529,0.7257044278320874,0.7889591719378953,0.8158803222094362,0.733601841196778,0.7228924073793452,0.0926463070219481,153
110,0.46338486671447754,0.014786852557234297,0.03968987464904785,0.00041166610360502813,False,balanced,gini,sqrt,200,True,"{'bootstrap': False, 'class_weight': 'balanced', 'criterion': 'gini', 'max_features': 'sqrt', 'n_estimators': 200, 'warm_start': True}",0.550316273720529,0.7257044278320874,0.7889591719378953,0.8158803222094362,0.733601841196778,0.7228924073793452,0.0926463070219481,153
164,0.468104887008667,0.018139801707604358,0.040097618103027345,0.0004858632679604714,False,balanced_subsample,gini,sqrt,200,True,"{'bootstrap': False, 'class_weight': 'balanced_subsample', 'criterion': 'gini', 'max_features': 'sqrt', 'n_estimators': 200, 'warm_start': True}",0.550316273720529,0.7257044278320874,0.7889591719378953,0.8158803222094362,0.733601841196778,0.7228924073793452,0.0926463070219481,153
170,0.4482383728027344,0.00820017552912037,0.03959722518920898,0.0004862418977335899,False,balanced_subsample,gini,log2,200,True,"{'bootstrap': False, 'class_weight': 'balanced_subsample', 'criterion': 'gini', 'max_features': 'log2', 'n_estimators': 200, 'warm_start': True}",0.550316273720529,0.7257044278320874,0.7889591719378953,0.8158803222094362,0.733601841196778,0.7228924073793452,0.0926463070219481,153
117,0.45371417999267577,0.008442108861572144,0.03972640037536621,0.0005104028635009938,False,balanced,gini,log2,200,False,"{'bootstrap': False, 'class_weight': 'balanced', 'criterion': 'gini', 'max_features': 'log2', 'n_estimators': 200, 'warm_start': False}",0.550316273720529,0.7257044278320874,0.7889591719378953,0.8158803222094362,0.733601841196778,0.7228924073793452,0.0926463070219481,153
116,0.4705148696899414,0.014643392997039994,0.03936929702758789,0.000195343452381466,False,balanced,gini,log2,200,True,"{'bootstrap': False, 'class_weight': 'balanced', 'criterion': 'gini', 'max_features': 'log2', 'n_estimators': 200, 'warm_start': True}",0.550316273720529,0.7257044278320874,0.7889591719378953,0.8158803222094362,0.733601841196778,0.7228924073793452,0.0926463070219481,153
168,0.23751258850097656,0.003947958975574395,0.02899627685546875,4.997471811894952e-06,False,balanced_subsample,gini,log2,100,True,"{'bootstrap': False, 'class_weight': 'balanced_subsample', 'criterion': 'gini', 'max_features': 'log2', 'n_estimators': 100, 'warm_start': True}",0.5480161012075906,0.7228292121909143,0.7849338700402531,0.8170310701956272,0.7347525891829689,0.7215125685634708,0.09319238329013546,161
108,0.23830318450927734,0.0022064781867846602,0.028801107406616212,0.0004013594360386908,False,balanced,gini,sqrt,100,True,"{'bootstrap': False, 'class_weight': 'balanced', 'criterion': 'gini', 'max_features': 'sqrt', 'n_estimators': 100, 'warm_start': True}",0.5480161012075906,0.7228292121909143,0.7849338700402531,0.8170310701956272,0.7347525891829689,0.7215125685634708,0.09319238329013546,161
162,0.2328813076019287,0.0066901632795705055,0.029502391815185547,0.0007741035139497377,False,balanced_subsample,gini,sqrt,100,True,"{'bootstrap': False, 'class_weight': 'balanced_subsample', 'criterion': 'gini', 'max_features': 'sqrt', 'n_estimators': 100, 'warm_start': True}",0.5480161012075906,0.7228292121909143,0.7849338700402531,0.8170310701956272,0.7347525891829689,0.7215125685634708,0.09319238329013546,161
163,0.2378934383392334,0.008988693223767335,0.02860107421875,0.00037035170670234843,False,balanced_subsample,gini,sqrt,100,False,"{'bootstrap': False, 'class_weight': 'balanced_subsample', 'criterion': 'gini', 'max_features': 'sqrt', 'n_estimators': 100, 'warm_start': False}",0.5480161012075906,0.7228292121909143,0.7849338700402531,0.8170310701956272,0.7347525891829689,0.7215125685634708,0.09319238329013546,161
169,0.23369293212890624,0.0021679028488227566,0.02879676818847656,0.00039774237893100363,False,balanced_subsample,gini,log2,100,False,"{'bootstrap': False, 'class_weight': 'balanced_subsample', 'criterion': 'gini', 'max_features': 'log2', 'n_estimators': 100, 'warm_start': False}",0.5480161012075906,0.7228292121909143,0.7849338700402531,0.8170310701956272,0.7347525891829689,0.7215125685634708,0.09319238329013546,161
114,0.23106255531311035,0.012038825320997202,0.028894805908203126,0.00019209357546071546,False,balanced,gini,log2,100,True,"{'bootstrap': False, 'class_weight': 'balanced', 'criterion': 'gini', 'max_features': 'log2', 'n_estimators': 100, 'warm_start': True}",0.5480161012075906,0.7228292121909143,0.7849338700402531,0.8170310701956272,0.7347525891829689,0.7215125685634708,0.09319238329013546,161
115,0.23180441856384276,0.008269280765590884,0.02872605323791504,0.0003898097367550062,False,balanced,gini,log2,100,False,"{'bootstrap': False, 'class_weight': 'balanced', 'criterion': 'gini', 'max_features': 'log2', 'n_estimators': 100, 'warm_start': False}",0.5480161012075906,0.7228292121909143,0.7849338700402531,0.8170310701956272,0.7347525891829689,0.7215125685634708,0.09319238329013546,161
109,0.2411823272705078,0.006155781187205694,0.02869715690612793,0.00037990016499429754,False,balanced,gini,sqrt,100,False,"{'bootstrap': False, 'class_weight': 'balanced', 'criterion': 'gini', 'max_features': 'sqrt', 'n_estimators': 100, 'warm_start': False}",0.5480161012075906,0.7228292121909143,0.7849338700402531,0.8170310701956272,0.7347525891829689,0.7215125685634708,0.09319238329013546,161
66,0.4820909023284912,0.008863166208546871,0.028907060623168945,0.0005790367732002233,True,balanced_subsample,gini,,100,True,"{'bootstrap': True, 'class_weight': 'balanced_subsample', 'criterion': 'gini', 'max_features': None, 'n_estimators': 100, 'warm_start': True}",0.5405405405405406,0.7268545140885566,0.7826336975273146,0.812428078250863,0.739355581127733,0.7203624823070017,0.09496588147502258,169
67,0.49845709800720217,0.011957751917974196,0.029053449630737305,0.0006026946850739916,True,balanced_subsample,gini,,100,False,"{'bootstrap': True, 'class_weight': 'balanced_subsample', 'criterion': 'gini', 'max_features': None, 'n_estimators': 100, 'warm_start': False}",0.5405405405405406,0.7268545140885566,0.7826336975273146,0.812428078250863,0.739355581127733,0.7203624823070017,0.09496588147502258,169
12,0.4363577365875244,0.018404858476739845,0.028884696960449218,0.0008638315075257227,True,balanced,gini,,100,True,"{'bootstrap': True, 'class_weight': 'balanced', 'criterion': 'gini', 'max_features': None, 'n_estimators': 100, 'warm_start': True}",0.5416906267970097,0.7285796434732605,0.78205865439908,0.80897583429229,0.7387802071346375,0.7200169932192556,0.09379606949566427,171
13,0.42841367721557616,0.0072006120387262396,0.02879495620727539,0.00040052832280592943,True,balanced,gini,,100,False,"{'bootstrap': True, 'class_weight': 'balanced', 'criterion': 'gini', 'max_features': None, 'n_estimators': 100, 'warm_start': False}",0.5416906267970097,0.7285796434732605,0.78205865439908,0.80897583429229,0.7387802071346375,0.7200169932192556,0.09379606949566427,171
16,1.9138580799102782,0.036908451770704086,0.09312100410461426,0.0161624434503197,True,balanced,gini,,500,True,"{'bootstrap': True, 'class_weight': 'balanced', 'criterion': 'gini', 'max_features': None, 'n_estimators': 500, 'warm_start': True}",0.5434157561817137,0.726279470960322,0.7814836112708453,0.810126582278481,0.7341772151898734,0.7190965271762471,0.09308208670130405,173
17,1.9479479789733887,0.10081414954219159,0.09234733581542968,0.019071032517901362,True,balanced,gini,,500,False,"{'bootstrap': True, 'class_weight': 'balanced', 'criterion': 'gini', 'max_features': None, 'n_estimators': 500, 'warm_start': False}",0.5434157561817137,0.726279470960322,0.7814836112708453,0.810126582278481,0.7341772151898734,0.7190965271762471,0.09308208670130405,173
70,2.2455608367919924,0.0581825464421454,0.09206929206848144,0.003587950699749223,True,balanced_subsample,gini,,500,True,"{'bootstrap': True, 'class_weight': 'balanced_subsample', 'criterion': 'gini', 'max_features': None, 'n_estimators': 500, 'warm_start': True}",0.5416906267970097,0.726279470960322,0.7826336975273146,0.8118527042577676,0.7324510932105869,0.7189815185506002,0.09417367665416669,175
71,2.2533398628234864,0.03900204679318197,0.0899801254272461,0.005370476465675824,True,balanced_subsample,gini,,500,False,"{'bootstrap': True, 'class_weight': 'balanced_subsample', 'criterion': 'gini', 'max_features': None, 'n_estimators': 500, 'warm_start': False}",0.5416906267970097,0.726279470960322,0.7826336975273146,0.8118527042577676,0.7324510932105869,0.7189815185506002,0.09417367665416669,175
68,0.8914961814880371,0.004454627330007217,0.03926835060119629,0.0002271406483110373,True,balanced_subsample,gini,,200,True,"{'bootstrap': True, 'class_weight': 'balanced_subsample', 'criterion': 'gini', 'max_features': None, 'n_estimators': 200, 'warm_start': True}",0.5411155836687752,0.7211040828062104,0.780333525014376,0.8147295742232451,0.7353279631760644,0.7185221457777342,0.09469815844861927,177
69,0.8984991073608398,0.031054613297590607,0.04542975425720215,0.012325513640650479,True,balanced_subsample,gini,,200,False,"{'bootstrap': True, 'class_weight': 'balanced_subsample', 'criterion': 'gini', 'max_features': None, 'n_estimators': 200, 'warm_start': False}",0.5411155836687752,0.7211040828062104,0.780333525014376,0.8147295742232451,0.7353279631760644,0.7185221457777342,0.09469815844861927,177
14,0.8009359836578369,0.010518220411614283,0.03979043960571289,0.0003950674387738902,True,balanced,gini,,200,True,"{'bootstrap': True, 'class_weight': 'balanced', 'criterion': 'gini', 'max_features': None, 'n_estimators': 200, 'warm_start': True}",0.5434157561817137,0.7251293847038528,0.7809085681426107,0.8112773302646721,0.7318757192174914,0.7185213517020681,0.09314484542768108,179
15,0.8130821704864502,0.017672269400817123,0.03990497589111328,0.0001802232896408131,True,balanced,gini,,200,False,"{'bootstrap': True, 'class_weight': 'balanced', 'criterion': 'gini', 'max_features': None, 'n_estimators': 200, 'warm_start': False}",0.5434157561817137,0.7251293847038528,0.7809085681426107,0.8112773302646721,0.7318757192174914,0.7185213517020681,0.09314484542768108,179
158,1.4834372997283936,0.014041940118536742,0.03948545455932617,0.00037953179562109967,False,balanced,log_loss,,200,True,"{'bootstrap': False, 'class_weight': 'balanced', 'criterion': 'log_loss', 'max_features': None, 'n_estimators': 200, 'warm_start': True}",0.6768257619321449,0.6808510638297872,0.715928694652099,0.7462600690448792,0.689873417721519,0.7019478014360858,0.026003931950011158,181
140,1.5212116718292237,0.05729133016539597,0.03983960151672363,0.0003424295953700309,False,balanced,entropy,,200,True,"{'bootstrap': False, 'class_weight': 'balanced', 'criterion': 'entropy', 'max_features': None, 'n_estimators': 200, 'warm_start': True}",0.6768257619321449,0.6808510638297872,0.715928694652099,0.7462600690448792,0.689873417721519,0.7019478014360858,0.026003931950011158,181
141,1.5027273654937745,0.02868135397155765,0.03969035148620605,0.00021398699573117128,False,balanced,entropy,,200,False,"{'bootstrap': False, 'class_weight': 'balanced', 'criterion': 'entropy', 'max_features': None, 'n_estimators': 200, 'warm_start': False}",0.6768257619321449,0.6808510638297872,0.715928694652099,0.7462600690448792,0.689873417721519,0.7019478014360858,0.026003931950011158,181
194,1.496790075302124,0.0321063319000689,0.03886227607727051,0.0004682365936693402,False,balanced_subsample,entropy,,200,True,"{'bootstrap': False, 'class_weight': 'balanced_subsample', 'criterion': 'entropy', 'max_features': None, 'n_estimators': 200, 'warm_start': True}",0.6768257619321449,0.6808510638297872,0.715928694652099,0.7462600690448792,0.689873417721519,0.7019478014360858,0.026003931950011158,181
213,1.4919262886047364,0.04870873351900941,0.04001045227050781,0.000614528686049604,False,balanced_subsample,log_loss,,200,False,"{'bootstrap': False, 'class_weight': 'balanced_subsample', 'criterion': 'log_loss', 'max_features': None, 'n_estimators': 200, 'warm_start': False}",0.6768257619321449,0.6808510638297872,0.715928694652099,0.7462600690448792,0.689873417721519,0.7019478014360858,0.026003931950011158,181
212,1.4886198043823242,0.03079894622571094,0.039228630065917966,0.0004563089541688861,False,balanced_subsample,log_loss,,200,True,"{'bootstrap': False, 'class_weight': 'balanced_subsample', 'criterion': 'log_loss', 'max_features': None, 'n_estimators': 200, 'warm_start': True}",0.6768257619321449,0.6808510638297872,0.715928694652099,0.7462600690448792,0.689873417721519,0.7019478014360858,0.026003931950011158,181
159,1.4953810214996337,0.04141416256344616,0.03985052108764649,0.00030849685210543516,False,balanced,log_loss,,200,False,"{'bootstrap': False, 'class_weight': 'balanced', 'criterion': 'log_loss', 'max_features': None, 'n_estimators': 200, 'warm_start': False}",0.6768257619321449,0.6808510638297872,0.715928694652099,0.7462600690448792,0.689873417721519,0.7019478014360858,0.026003931950011158,181
195,1.4788758754730225,0.028367127673120277,0.03953795433044434,0.0004073008470539661,False,balanced_subsample,entropy,,200,False,"{'bootstrap': False, 'class_weight': 'balanced_subsample', 'criterion': 'entropy', 'max_features': None, 'n_estimators': 200, 'warm_start': False}",0.6768257619321449,0.6808510638297872,0.715928694652099,0.7462600690448792,0.689873417721519,0.7019478014360858,0.026003931950011158,181
193,0.7773845195770264,0.015801971050452005,0.02862439155578613,0.0006226198571520898,False,balanced_subsample,entropy,,100,False,"{'bootstrap': False, 'class_weight': 'balanced_subsample', 'criterion': 'entropy', 'max_features': None, 'n_estimators': 100, 'warm_start': False}",0.6768257619321449,0.6774008050603795,0.7147786083956297,0.7468354430379747,0.689873417721519,0.7011428072295296,0.02666740534601317,189
192,0.7717970848083496,0.022784124776562702,0.02870631217956543,0.0003966570695862206,False,balanced_subsample,entropy,,100,True,"{'bootstrap': False, 'class_weight': 'balanced_subsample', 'criterion': 'entropy', 'max_features': None, 'n_estimators': 100, 'warm_start': True}",0.6768257619321449,0.6774008050603795,0.7147786083956297,0.7468354430379747,0.689873417721519,0.7011428072295296,0.02666740534601317,189
139,0.8337965965270996,0.01872651755199574,0.028746843338012695,0.0004258620353213668,False,balanced,entropy,,100,False,"{'bootstrap': False, 'class_weight': 'balanced', 'criterion': 'entropy', 'max_features': None, 'n_estimators': 100, 'warm_start': False}",0.6768257619321449,0.6774008050603795,0.7147786083956297,0.7468354430379747,0.689873417721519,0.7011428072295296,0.02666740534601317,189
138,0.8082565307617188,0.022165094388847596,0.029176902770996094,0.00046712004333470964,False,balanced,entropy,,100,True,"{'bootstrap': False, 'class_weight': 'balanced', 'criterion': 'entropy', 'max_features': None, 'n_estimators': 100, 'warm_start': True}",0.6768257619321449,0.6774008050603795,0.7147786083956297,0.7468354430379747,0.689873417721519,0.7011428072295296,0.02666740534601317,189
157,0.7746456146240235,0.017231219933723476,0.02822556495666504,0.00038840787039443026,False,balanced,log_loss,,100,False,"{'bootstrap': False, 'class_weight': 'balanced', 'criterion': 'log_loss', 'max_features': None, 'n_estimators': 100, 'warm_start': False}",0.6768257619321449,0.6774008050603795,0.7147786083956297,0.7468354430379747,0.689873417721519,0.7011428072295296,0.02666740534601317,189
211,0.7808042049407959,0.020572897727739382,0.028614902496337892,0.00045803699181707047,False,balanced_subsample,log_loss,,100,False,"{'bootstrap': False, 'class_weight': 'balanced_subsample', 'criterion': 'log_loss', 'max_features': None, 'n_estimators': 100, 'warm_start': False}",0.6768257619321449,0.6774008050603795,0.7147786083956297,0.7468354430379747,0.689873417721519,0.7011428072295296,0.02666740534601317,189
210,0.779738473892212,0.020779531228289735,0.028221845626831055,0.00047799715566979967,False,balanced_subsample,log_loss,,100,True,"{'bootstrap': False, 'class_weight': 'balanced_subsample', 'criterion': 'log_loss', 'max_features': None, 'n_estimators': 100, 'warm_start': True}",0.6768257619321449,0.6774008050603795,0.7147786083956297,0.7468354430379747,0.689873417721519,0.7011428072295296,0.02666740534601317,189
156,0.7818315505981446,0.02709886822230359,0.02864842414855957,0.0004424570783328609,False,balanced,log_loss,,100,True,"{'bootstrap': False, 'class_weight': 'balanced', 'criterion': 'log_loss', 'max_features': None, 'n_estimators': 100, 'warm_start': True}",0.6768257619321449,0.6774008050603795,0.7147786083956297,0.7468354430379747,0.689873417721519,0.7011428072295296,0.02666740534601317,189
142,3.632278871536255,0.16797485798242684,0.07484660148620606,0.00409633932186987,False,balanced,entropy,,500,True,"{'bootstrap': False, 'class_weight': 'balanced', 'criterion': 'entropy', 'max_features': None, 'n_estimators': 500, 'warm_start': True}",0.6728004600345026,0.6779758481886141,0.714203565267395,0.7445339470655926,0.6915995397008056,0.700222672051382,0.026382614593393996,197
143,3.5746989250183105,0.04603277459811839,0.07489957809448242,0.004560816949413037,False,balanced,entropy,,500,False,"{'bootstrap': False, 'class_weight': 'balanced', 'criterion': 'entropy', 'max_features': None, 'n_estimators': 500, 'warm_start': False}",0.6728004600345026,0.6779758481886141,0.714203565267395,0.7445339470655926,0.6915995397008056,0.700222672051382,0.026382614593393996,197
196,3.584565782546997,0.05787363924878994,0.07608704566955567,0.009465416428617817,False,balanced_subsample,entropy,,500,True,"{'bootstrap': False, 'class_weight': 'balanced_subsample', 'criterion': 'entropy', 'max_features': None, 'n_estimators': 500, 'warm_start': True}",0.6728004600345026,0.6779758481886141,0.714203565267395,0.7445339470655926,0.6915995397008056,0.700222672051382,0.026382614593393996,197
197,3.723152256011963,0.14337929605889663,0.08325791358947754,0.006694949501824897,False,balanced_subsample,entropy,,500,False,"{'bootstrap': False, 'class_weight': 'balanced_subsample', 'criterion': 'entropy', 'max_features': None, 'n_estimators': 500, 'warm_start': False}",0.6728004600345026,0.6779758481886141,0.714203565267395,0.7445339470655926,0.6915995397008056,0.700222672051382,0.026382614593393996,197
161,3.5637561321258544,0.06634029319605449,0.07480931282043457,0.004611475222847101,False,balanced,log_loss,,500,False,"{'bootstrap': False, 'class_weight': 'balanced', 'criterion': 'log_loss', 'max_features': None, 'n_estimators': 500, 'warm_start': False}",0.6728004600345026,0.6779758481886141,0.714203565267395,0.7445339470655926,0.6915995397008056,0.700222672051382,0.026382614593393996,197
160,3.5697893619537355,0.0772178996107251,0.07715830802917481,0.008927639545928664,False,balanced,log_loss,,500,True,"{'bootstrap': False, 'class_weight': 'balanced', 'criterion': 'log_loss', 'max_features': None, 'n_estimators': 500, 'warm_start': True}",0.6728004600345026,0.6779758481886141,0.714203565267395,0.7445339470655926,0.6915995397008056,0.700222672051382,0.026382614593393996,197
214,3.6015183448791506,0.06337720294915705,0.07442378997802734,0.004692501755480209,False,balanced_subsample,log_loss,,500,True,"{'bootstrap': False, 'class_weight': 'balanced_subsample', 'criterion': 'log_loss', 'max_features': None, 'n_estimators': 500, 'warm_start': True}",0.6728004600345026,0.6779758481886141,0.714203565267395,0.7445339470655926,0.6915995397008056,0.700222672051382,0.026382614593393996,197
215,3.5368136405944823,0.0810656028775205,0.07481141090393066,0.003880340525284018,False,balanced_subsample,log_loss,,500,False,"{'bootstrap': False, 'class_weight': 'balanced_subsample', 'criterion': 'log_loss', 'max_features': None, 'n_estimators': 500, 'warm_start': False}",0.6728004600345026,0.6779758481886141,0.714203565267395,0.7445339470655926,0.6915995397008056,0.700222672051382,0.026382614593393996,197
124,2.9701505661010743,0.05745820693471523,0.07510628700256347,0.004107075929879605,False,balanced,gini,,500,True,"{'bootstrap': False, 'class_weight': 'balanced', 'criterion': 'gini', 'max_features': None, 'n_estimators': 500, 'warm_start': True}",0.48763657274295574,0.6434732604945371,0.7004025301897643,0.7537399309551208,0.6904487917146145,0.6551402172193985,0.09078641390559301,205
178,2.8584798336029054,0.04810910629348059,0.07231712341308594,0.0003782596228000874,False,balanced_subsample,gini,,500,True,"{'bootstrap': False, 'class_weight': 'balanced_subsample', 'criterion': 'gini', 'max_features': None, 'n_estimators': 500, 'warm_start': True}",0.48763657274295574,0.6434732604945371,0.7004025301897643,0.7537399309551208,0.6904487917146145,0.6551402172193985,0.09078641390559301,205
125,2.9151901721954347,0.05920775460626443,0.07503256797790528,0.004310319703096935,False,balanced,gini,,500,False,"{'bootstrap': False, 'class_weight': 'balanced', 'criterion': 'gini', 'max_features': None, 'n_estimators': 500, 'warm_start': False}",0.48763657274295574,0.6434732604945371,0.7004025301897643,0.7537399309551208,0.6904487917146145,0.6551402172193985,0.09078641390559301,205
179,2.8171263694763184,0.05894252087637254,0.07206244468688965,0.0005646327511343424,False,balanced_subsample,gini,,500,False,"{'bootstrap': False, 'class_weight': 'balanced_subsample', 'criterion': 'gini', 'max_features': None, 'n_estimators': 500, 'warm_start': False}",0.48763657274295574,0.6434732604945371,0.7004025301897643,0.7537399309551208,0.6904487917146145,0.6551402172193985,0.09078641390559301,205
175,0.6248986721038818,0.01978395060992785,0.02900552749633789,1.855012992988964e-05,False,balanced_subsample,gini,,100,False,"{'bootstrap': False, 'class_weight': 'balanced_subsample', 'criterion': 'gini', 'max_features': None, 'n_estimators': 100, 'warm_start': False}",0.4864864864864865,0.6411730879815987,0.6963772282921219,0.7560414269275029,0.6869965477560415,0.6534149554887503,0.09112699923415607,209
174,0.6340868473052979,0.012703451284764425,0.028710174560546874,0.00021748805718817886,False,balanced_subsample,gini,,100,True,"{'bootstrap': False, 'class_weight': 'balanced_subsample', 'criterion': 'gini', 'max_features': None, 'n_estimators': 100, 'warm_start': True}",0.4864864864864865,0.6411730879815987,0.6963772282921219,0.7560414269275029,0.6869965477560415,0.6534149554887503,0.09112699923415607,209
120,0.6395201683044434,0.017669008550831058,0.028421592712402344,0.0004893509455819776,False,balanced,gini,,100,True,"{'bootstrap': False, 'class_weight': 'balanced', 'criterion': 'gini', 'max_features': None, 'n_estimators': 100, 'warm_start': True}",0.4864864864864865,0.6411730879815987,0.6963772282921219,0.7560414269275029,0.6869965477560415,0.6534149554887503,0.09112699923415607,209
121,0.6485150337219239,0.011170559992880082,0.028842687606811523,0.00045384295110983914,False,balanced,gini,,100,False,"{'bootstrap': False, 'class_weight': 'balanced', 'criterion': 'gini', 'max_features': None, 'n_estimators': 100, 'warm_start': False}",0.4864864864864865,0.6411730879815987,0.6963772282921219,0.7560414269275029,0.6869965477560415,0.6534149554887503,0.09112699923415607,209
177,1.2103656768798827,0.01783256666235509,0.04001054763793945,0.0005405793651982754,False,balanced_subsample,gini,,200,False,"{'bootstrap': False, 'class_weight': 'balanced_subsample', 'criterion': 'gini', 'max_features': None, 'n_estimators': 200, 'warm_start': False}",0.48821161587119033,0.6434732604945371,0.6981023576768257,0.7537399309551208,0.6835443037974683,0.6534142937590285,0.0898452257653328,213
122,1.2072514533996581,0.030689089090652613,0.04566073417663574,0.013494013626207505,False,balanced,gini,,200,True,"{'bootstrap': False, 'class_weight': 'balanced', 'criterion': 'gini', 'max_features': None, 'n_estimators': 200, 'warm_start': True}",0.48821161587119033,0.6434732604945371,0.6981023576768257,0.7537399309551208,0.6835443037974683,0.6534142937590285,0.0898452257653328,213
123,1.1908292293548584,0.02674681543802802,0.03977184295654297,0.0004929355732925521,False,balanced,gini,,200,False,"{'bootstrap': False, 'class_weight': 'balanced', 'criterion': 'gini', 'max_features': None, 'n_estimators': 200, 'warm_start': False}",0.48821161587119033,0.6434732604945371,0.6981023576768257,0.7537399309551208,0.6835443037974683,0.6534142937590285,0.0898452257653328,213
176,1.209442377090454,0.07203877481499817,0.04021267890930176,0.0004952543620264957,False,balanced_subsample,gini,,200,True,"{'bootstrap': False, 'class_weight': 'balanced_subsample', 'criterion': 'gini', 'max_features': None, 'n_estimators': 200, 'warm_start': True}",0.48821161587119033,0.6434732604945371,0.6981023576768257,0.7537399309551208,0.6835443037974683,0.6534142937590285,0.0898452257653328,213
